Head Word,HomonymNumber,WordClass,SenseNumber,Definition,Origin,Register,Register2,Domain,Flag,Region,See,Pronunciation,Notes
O for awesome,,phrase,,,[none],,,[none],,[none],,,Boxer David Tua's famous request on Wheel of Fortune 1992
O'Briens,,noun,1,"distinctive farm boots, particularly for mustering [orig. trade name.]",[none],,,Rural,Farm Words,[none],,,
O'Leary,,noun,,,[none],,,[none],,[none],,,
O.B.,,abbreviation,,ordinary building,[none],,,[none],,[none],,,sawmillers' term meaning 'ordinary building' (rimu) as contrasted with heart wood
O.M.,,abbreviation,,the overland mail (as distinct from that carried by sea) in the North Island,[none],,,[none],,[none],,,
O.P. whisky,,noun,,over-proof whisky,[none],,,[none],,[none],,,
O.P.S.O.,,abbreviation,,"On Public Service Only, used on mail from Government Departments sent overseas from 1891 - 1906 or on stamps identifying such mail.",acronym,,,[none],,[none],,,
O.Pip,,abbreviation,,observation post,,,,[none],,[none],,,WW1
oak,,noun,,"an early name applied to various New Zealand trees thought to resemble the English oak either in appearance or in the quality of their timber; (espec <i>Vitex lucens</i>, PURIRI)",,,,[none],,[none],,,obs.
oak,,noun,2,pohutukawa,,,,[none],,[none],,,
oak,,noun,3,"titoki, NZ ash.",,,,[none],,[none],,,
oak,,noun,4,"mapau, lemonwood",,,,[none],,[none],,,1915 HEC. (Andersen)
oak,,noun,5,,,,,[none],,[none],,,
oak,,noun,6,,,,,[none],,[none],,,
oak,,noun,7,? kahikatea ? miro ? birch,,,,[none],,[none],,,
oak-weed,,noun,,,,,,[none],,[none],,,
Oamarooster,,noun,,,[none],,,[none],,[none],,,
Oamaru pudding,,noun,,,[none],,,[none],,[none],,,
Oamaru stone,,noun,,a white building stone formerly much used. [from Oamaru in the South Island],[none],,,[none],,[none],,,
Oamaru stone,,noun,,,[none],,,[none],,[none],,,
Oamaruite,,noun,,resident of oamaru,,,,[none],,[none],,,
oancake,,noun,2,,,,,[none],,[none],,,"I gather these are fried in a pan like pancakes, except with a thicker batter (like pikelets); no method with recipe"
oar-weed,,noun,,"paddle-weed, octopus-weed",,,,[none],,[none],,,
oarfish,,noun,,<i>Regalecus</i> sp.,,,,[none],,[none],,,
oarfish,,noun,2,,,,,[none],,[none],,,
oarfish,,noun,2,,,,,[none],,[none],,,
oat,,noun,,,,,,[none],,[none],,,
oat races,,noun,,,[none],,,[none],,[none],,,
oat tussock,,noun,,,[none],,,[none],,[none],,,
oath,,exclamation,,,,,,[none],,[none],,,
oatmeal water,,noun,,"brose, a refreshment for shearers or outdoor workers, a mixture of water, sugar and oatmeal.",[none],,,[none],,[none],,,
oats meeting,,noun,,a Maori race meeting,[none],,,[none],,[none],,,North Island
oats track,,noun,,,[none],,,[none],,[none],oats meeting,,
OBE,,abbreviation,,Other Bastards' Effort,[none],,,[none],,[none],,,"WW2 cf DCM, Don't Come Monday"
OBERAC,,abbreviation,,operating balance excluding revaluations and accounting changes.,acronym,,,[none],,[none],,,
obesogenic,,adjective,,,,,,[none],,[none],,,
obverse or reverse,,exclamation,,a two-up cry,[none],,,[none],,[none],,,
oca,,noun,,"Oxalis sp, Yam [OEDS2]",,,,[none],,[none],,,
occy,,noun,,an octopus,abbreviation,,,[none],,[none],,,
ocean trout,,noun,,kahawai,[none],,,[none],,[none],trout,,
Oceania,,noun,,"Australia, New Zealand and the Pacific Islands",[none],,,[none],,[none],,,
ochre,,noun,,,,,,[none],,[none],,,
ochre,,noun,,,,,,[none],,[none],,,
ochre,,noun,2,,,,,[none],,[none],,,
ocker,,adjective,,Australian,[none],,,[none],,[none],,,
ocker,,noun,,Australian,[none],,,[none],,[none],,,
Ocker shocker,,noun,,,[none],,,[none],,[none],,,also used in Australia
ockerdom,,noun,,the Australian people,[none],informal,,[none],,[none],,,
OCR,,abbreviation,,Official Cash Rate,acronym,,,[none],,[none],,,
OCR,,abbreviation,,Old Coach Road (Wellington),[none],,,[none],,[none],,,
"Octagon, the",,noun,,"the central open space in Dunedin city, so shaped.",[none],,,[none],,[none],,,
octopod,,noun,,,,,,[none],,[none],,,
octopus,,noun,,<i>Octopus maorum</i>; wheke [Maori],[none],,,[none],,[none],,,
octopus clamp,,noun,,"a hold in wrestling, the trademark of Lofty Blomfield",[none],,,[none],,[none],,,ca1938 ca1930s (R. Mason)
octopus,,noun,2,deepwater octopus,[none],,,[none],,[none],,,
octopus,,noun,2,umbrella octopus <i>cirroteuthidae</i>,[none],,,[none],,[none],,,
octopus,,noun,2,,,,,[none],,[none],,,
octopus,,noun,,a children's game,[none],,,[none],,[none],,,
octopus weed,,noun,,,[none],,,[none],,[none],,,
odd,,adjective,,"Constr: the odd + singular noun a few, one or two; + plural noun sense [CCR notes means something close to occasional]",,,,[none],,[none],,,ca1946-50 (frequent) eg. `I'll just have the odd beer with you; I'm in a hurry.' [=a few beers]
odd,,adjective,,"Constr: the odd + singular noun a few, one or two; + plural noun sense [CCR notes means something close to occasional]",,,,[none],,[none],,,
odd-bod,,noun,,1.a person who cannot be classified into a social or personal type; someone of no fixed classification; no certain type; `odd-man-out',,,,[none],,[none],,,
odd-bod,,noun,,1.a person who cannot be classified into a social or personal type; someone of no fixed classification; no certain type; `odd-man-out',,,,[none],,[none],,,
odd-bod,,noun,2,a crank; a peculiar or disliked person,,,,[none],,[none],,,(University undergraduates) ca1946 [These senses are probably merely general English]
Oddfellows,,noun,,"a ""friendly"" society",[none],,,[none],,[none],,,
"Oddity, the",,noun,,Otago Daily Times,[none],,,[none],,[none],ODT,,in DMNZS not DNZE
oddment,,noun,1,[woolclassing] wool that does not fit into classes or is an incomplete fleece.,[none],,,Rural,Farm Words,[none],,,
oddments,,noun,,,,,,[none],,[none],,,pl. shearers'
odds and sods,,noun,,,[none],,,[none],,[none],,,
ODT,,abbreviation,,Otago Daily Times,,,,[none],,[none],,,
OE,,noun,,overseas experience,initialism,,,[none],,[none],big OE,,
OEer,,noun,,,[none],,,[none],,[none],,,One who does an OE (Overseas Experience)
oehiakura,,noun,,,,,,[none],,[none],,,
OEing,,noun,,,[none],,,[none],,[none],,,doing OE - used as verbal noun
OEing,,noun,,overseas travelling,[none],,,[none],,[none],,,
off,,adjective,,,[none],,,[none],,[none],,,
off,,verb,,get rid of,[none],,,[none],,[none],,,
off like redshanks,,phrase,,departing quickly,[none],,,[none],,[none],,,
off one's dot,,phrase,,"on model OFF ONE'S HEAD, indicating madness, drunkenness, or under the influence of drugs",[none],,,[none],,[none],,,(obsolescent)
off one's nana,,phrase,,,[none],,,[none],,[none],,,
off one's pannikin,,phrase,,"off one's head, crazy",[none],,,[none],,[none],,,
off the blades,,phrase,1,[sheep] newly shorn.,[none],,,Rural,Farm Words,[none],,,
off the books,,phrase,1,"[ farm stock] purchased unseen, solely from description.",[none],,,Rural,Farm Words,[none],,,
off the chain,,noun,2,"out on the loose for the evening, on the loose (temporarily, esp. from wife), free from restraint.",[none],,,[none],,[none],,,1947 only[???]
off the forks,,phrase,1,"[potatoes] purchased unseen, directly from harvest.",[none],,,Rural,Farm Words,[none],,,
off the hill,,phrase,,[high country] used with reference to the completion of a mustering beat or a return to the station.,[none],,,Rural,Farm Words,[none],,,
off the hook(s),,phrase,,"(of clothes and occas. other articles), ready-made, off the peg",[none],,,[none],,[none],,,ca1938 eg I walked in and bought a suit straight off the hooks
off the pine,,phrase,,off the reserves bench,,,,[none],,[none],,,
off the shears,,phrase,1,[sheep] newly shorn.,[none],,,Rural,Farm Words,[none],off the blades,,
off the spurs,,phrase,,[mustering] having completed a job or not working.,[none],,,Rural,Farm Words,[none],,,
off the turnips,,phrase,,from the countryside,[none],derogatory,,Rural,Farm Words,[none],,,
off the wool,,phrase,,= off the shears; newly shorn,[none],,,[none],,[none],,,
off-bullock,,noun,,,[none],,,[none],,[none],,,cf. cit. at LEADER
off-course substitute,,noun,,,[none],,,[none],,[none],,,horse racing 195? R.Mason (fide N.M. Adams) When a bettor through the T.A.B. bets on a double and the horse on the second leg of the double is scratched after the bet is laid the favourite at the tote on the course is substituted in the bet for the scratched horse. This substituted horse is an `off course substitute'
off-farm,,adverb,,off the farm,,,,[none],,[none],,,
off-graze,,verb,,to graze stock off a property when feed is low.,[none],,,Rural,Farm Words,[none],,,
off-paddock,,adjective,,[of stock ] on stand-off or wintering pads.,[none],,,Rural,Farm Words,[none],,,
off-season,,noun,,"In NZ various specific applications espec. farming) freezing works (opposed to killing season), ? oyster dredging, as distinct from close(d) season",,,,[none],,[none],,,[Is this entry necessary?]
off-shears,,adjective,,of sheep newly-shorn,,,,[none],,[none],,,auctioneers'
off-sort,,noun,,"a fleece which, when classed or graded, does not fit the established lines and is binned",,,,[none],,[none],,,woolgrowers'
office,,noun,1,"[high country] a small patch of grass on a ledge, barely accessible to stock.",[none],,,Rural,Farm Words,[none],,,
office,,noun,2,to give a warning (signal),,,,[none],,[none],,,(obs criminal slang)
office,1,noun,,,,,,[none],,[none],,,
Office of Treaty Settlements,,noun,,,[none],,,[none],,[none],,,
Official Assignee,,noun,,"a state official who holds and administers the property of bankrupts, and in some cases acts as the liquidator of insolvent companies.",[none],,,[none],,[none],,,"Insolvency Act 1967, s.15"
Official Cash Rate,,noun,,,[none],,,[none],,[none],,,
offside,,adjective,,"of a bullock, the right-hand side facing the front",,,,[none],,[none],,,
offside,,verb,1,to work the offsiders in a bullock team.,[none],,,Rural,Farm Words,[none],,,
Offside Mac,,noun,,"nickname of H.J. McKenzie, a prominent rugby footballer",[none],,,[none],,[none],,,
offside with,,phrase,,"on the wrong side of, in bad with",[none],,,[none],,[none],,,"OED no transf uses, only literal sporting, from Assoc. Football; so W3: nf P. [NZ use coloured by Rugby Union"
offsider,,noun,2,,,,,[none],,[none],slushy,,
offsider,,noun,3,"an assistant, `side-kick', crony, a partner, friend",,,,[none],,[none],,,
offsider,,noun,,,,,,[none],,[none],,,
offsider,,noun,,,,,,[none],,[none],,,
offsider,,noun,1,[sp. use] an assistant to a station or shearing gang cook.,[none],,,Rural,Farm Words,[none],,,
offspur,,noun,,,,,,[none],,[none],,,
ogg,,noun,,a shilling (piece) (often two ogg] (cf HOGG),,,,[none],,[none],,,obs
Oh One,,noun,,a skinhead,[none],,,[none],,[none],,,
oha,,noun,,,,,,[none],,[none],,,1861 Richmond-Atkinson Papers 1/719 1928 Baucke W M T 272
Ohakune carrot,,noun,,,[none],,,[none],,[none],,,
ohau,,noun,,"<i>Schefflera digitata</i>, five-finger",,,,[none],,[none],,,
Ohauan,,adjective,,,[none],,,Geology,Geology,[none],,,
Ohika Beds,,noun,,Geol definition,[none],,,[none],Geology,[none],,,
OHMS,,abbreviation,,Organisation to Halt Military Service,acronym,historical,,[none],,[none],,,1972
oho,,noun,,,,,,[none],,[none],,,
ohoeka,,noun,,,[none],,,[none],,[none],,,
ohoho,,noun,1,"[Ma.] a nectar-bearing native tree or bush, valued by early apiarists [poss. ongaonga, Urticaceae.]",[none],,,Rural,Farm Words,[none],,,
ohu,,noun,1,a working bee.,[none],,,Rural,Farm Words,[none],,,
ohu,,noun,,"a government-sponsored rural commune, usually on marginal land.",[none],,,Rural,Farm Words,[none],,,
ohu,,noun,,,[none],,,[none],,[none],,,
ohu,,noun,,"formerly, a state-sponsored, rural commune. -->a kibbutz-type of landed-community introduced by the Labour Government in the 1970s; a communal work group",Maori,,,[none],,[none],,,
oi,,noun,,,,,,[none],,[none],muttonbird (1947),,
oia,,noun,,"<i>Caesioperca lepidoptera</i>, red perch,",,,,[none],,[none],butterfly perch,,
OIA,,abbreviation,,Official Information Act,[none],,,[none],,[none],,,
OIA it,,verb,,to apply for information under the Official Information Act,,,,[none],,[none],,,"Hear on Kim Hill, 29/1/2001, used by Jenny Shipley. ""We've OIAed it""."
OIC,,abbreviation,,Overseas Investment Commission,[none],,,[none],,[none],,,
oii,,noun,,<i>Procellaria gouldi.</i>,[none],,,[none],,[none],,,variant of OI
oil,,noun,2,the real truth,,,,[none],,[none],,,
oil drum stew,,noun,,,[none],,,[none],,[none],,,
oil,,noun,,"(informal) useful information, the truth; somebody or something excellent in its class; the real thing.",,,,[none],,[none],,,1961 Stage I University Student's Essay : She's the oil
oil,,noun,2,,,,,[none],,[none],,,
oil,,noun,2,,,,,[none],,[none],,,
oil fish,,noun,,,[none],,,[none],,[none],,,
oil pad,,noun,,,[none],,,[none],,[none],,,
oil trade,,noun,,,[none],,,[none],,[none],,,(is OIL a shortening of TRAIN OIL (cf 247 trying out) or WHALE OIL)
oil-cask,,noun,,,,,,[none],,[none],,,
oiled,,adjective,,"drunk, tipsy; esp. (?only) WELL=OILED, drunk, tipsy [cf AND OIL v1 to gratify one's taste for liquor 1898] (check WELL-) -",,,,[none],,[none],,,->ca1940 Havelock
oiler,,noun,1,an oilskin coat.,[none],,,Rural,Farm Words,[none],,,
oilfish,,noun,,,,,,[none],,[none],,,
oilskin man,,noun,1,"[shepherding/mustering] an enthusiast of the oilskin coat, who will flap it to coax slow sheep.",[none],,,Rural,Farm Words,[none],coat-flapper,,
oinker,,noun,,a policeman,,,,[none],,[none],,,
oinkering,,noun,,"policing, detective work",[none],,,[none],,[none],,,
oioi,,noun,,"a jointed wire rush plant, Apodasmia similis.",Maori,,,Environment,,[none],,,Formerly classified Leptocarpus similus
OK,,adjective,,"as an adjective attested early in NZ (1865, Dunedin) and has remained a common feature of NZ speech; also in various forms espec. among children (OKE, OKIE, OKIE-DOKIE, OKIE-DOKE, DOKE). `She'll be doke' would be more likely to be heard than `She'll be OK.', as a by-form of `She'll be right'. spg also okay",,,,[none],,[none],,,
OK,,noun,2,just the thing,,,,[none],,[none],,,
oka,,noun,,,,,,[none],,[none],oca,,
okarari,,noun,,<i>Coryphaenoides novae zealandiae </i>,,,,[none],,[none],,,
Okareka Ash,,noun,,Geol. definition,[none],,,[none],Geology,[none],,,
Okarito brown kiwi,,noun,,,[none],,,[none],,[none],,,
Okarito forest gecko,,noun,,"brownish gecko with orange blotches, seldom encountered, restricted to small area in south Westland.",[none],,,[none],,[none],,,"<i>Hoplodactylus ""Okarito forest gecko""</i> aka Okarito gecko"
Okataina Tephra,,noun,,Geol. definition,[none],,,[none],Geology,[none],,,
"okay, lah",,exclamation,,,[none],,,[none],,[none],,,
okeoke,,noun,,dogfish,,,,[none],,[none],,,
old,,adjective,3,"as THE OLD expressing familiar use of,",,,,[none],,[none],,,
Old Bucky,,noun,,,[none],,,[none],,[none],,,the Christchurch earthquakes personified
old cardigan brigade,,phrase,,,[none],,,[none],,[none],,,
old chum,,noun,,"[AND old 2. obs 1832-1915a person with colonial experience; =OLD HAND (never as common as OLD HAND; possibly a new formation on NEW CHUM: cf NEW HAND) -->1863 Butler First Year ch iv 55 I was anxious to become an old chum, as colonial dialect calls asettler - thereby proving my new chumship most satisfactorily.",[none],,,[none],,[none],,,Morris 1846 `not in common use'; AC 1846
old chum,,adjective,,,[none],,,[none],,[none],,,
old chum,,noun,1,an early settler.,[none],,,Rural,Farm Words,[none],,,
Old Country,,noun,,Britain,[none],,,[none],,[none],,,
Old Country,,noun,,"[AND 1834] constr THE: Britain; one's MOTHER COUNTRY (cf. Home, (the) Old Dart, Old Land -->(Never as frequent as HOME: tends to be have been used by immigrants)",[none],,,[none],,[none],,,(obsolescent)
old crop,,noun,,,[none],,,[none],,[none],,,
Old Dart,,noun,,Britain,[none],,,[none],,[none],,,(obsolesc) ca1984 Aug 23 Havelock Pelorus Hotel used by [ ... ] and discussed.
old dig,,noun,,old soldier,[none],,,[none],,[none],dig,,
old enough to smoke,,phrase,,,,,,[none],,[none],,,
old family,,noun,,,[none],,,[none],,[none],,,
old finger,,noun,,"old man, father.",[none],,,[none],,[none],,,
old girl,,noun,1,a ewe.,[none],,,Rural,Farm Words,[none],,,
old ground,,noun,,,[none],,,[none],,[none],,,
old gum,,noun,,,[none],,,[none],,[none],,,
old hand,,noun,,,[none],,,[none],,[none],,,
old hat,,noun,,a form of shore erosion,[none],,,[none],,[none],,,`Old Hat' type of shore erosion was first described by Prof J.A. Bartrum A.U.C. in a paper read before Auckland Institute and Museum 20/10/1915
old identity,,noun,,,[none],,,[none],,[none],,,(Otago and non-Otago)
old identity,,noun,,a Scotch settler in Otago - non-collective,[none],,,[none],,[none],,,
old identity,,noun,,"(Otago, obs.) BARRACOUTA as a Dunedin boarding-house dish (cf BARRACOUTIAN)",[none],,,[none],,[none],,,
old identity,,noun,,"in general (non-Otago) use, occasionally with some development of meaning or application. The first element of the collocation, `old', is not always felt as inseparable from the second, allowing a descriptive term (usually a local or place-name) to be inserted. -->a. a person long identified with a place, position, institution, etc; an oldinhabitant",[none],,,[none],,[none],,,
old identity,,noun,,"sometimes used with a sense of `colourful (local)character', `dag'",[none],,,[none],,[none],,,e.g. ca1940's He was a bit of an idenity round town.
old identity,,noun,,a long-time resident of a particular place.,[none],,,[none],,[none],also identity,,"(hist) with THE the original Presbyterian puritan inhabitants of Dunedin (as seen originally by ? Thatcher ? Cargill or by their critics) -->(It is uncertain whether Cargill or Thatcher originated the term. Possibly Cargill used the expression first, and Thatcher, with his acute sense of the locally ridiculous, popularised it. That it was apt is certain from its originally enthusiastic, and later wide (and current) use) (collective sg)"
old identity,,noun,,an early inhabitant of a settlement other than Otago.,[none],,,[none],,[none],,,
old lady,,noun,,,[none],,,[none],,[none],,,prisoners'
old lag(ger),,noun,,habitual prison inmate,[none],,,[none],,[none],,,lag: from 1812 in the sense of a convict transported from British. ca1941-45 Detention Camp (R.C.) 1982 Newbold Big Huey Glossary 250
Old Land,,noun,,"variant of Old Country: Britain, esp. England",[none],,,[none],,[none],,,"also Aust. (AND 1891); not in DNZE or Orsman; also l.c. 'old land' (op.cit. below, p.1) (TD)"
old maid,,noun,,,,,,[none],,[none],,,
old maid,,noun,2,,,,,[none],,[none],,,
old man,,noun,,,[none],,,[none],,[none],,,
Old Man Bottom,,noun,,,[none],,,[none],,[none],,,goldminers'
old man couch,,noun,,,[none],,,[none],,[none],couch,,x reffed at GRASS cf also OLD MAN TWITCH
old man,,adjective,,"long-lasting, persistent, or in some way large or outstanding of its kind: `old man couch grass'; `an old man southerly'; `an old man snapper'; `an old man flood'. (occas. spg old-man; occ. caps.) superior, large, remarkable (of its kind) (cf GRANDFATHER) esp. withnatural objects se also OLD MAN FLOOD,",[none],,,[none],,[none],,,
old man,,noun,3,,[none],,,[none],,[none],,,
old man,,adjective,,[of plants and other aspects of nature] large with an impact.,[none],,,Rural,Farm Words,[none],old man gorse,,
old man flood,,noun,,,[none],,,[none],,[none],,,
old man gorse,,noun,1,"a very large gorse bush, difficult to eradicate.",[none],,,Rural,Farm Words,[none],,,
old man gravel,,noun,,,[none],,,[none],,[none],,,
old man nor'-wester,,noun,,,[none],,,[none],,[none],,,
old man reef,,noun,,,[none],,,[none],,[none],,,
old man snapper,,noun,,,[none],,,[none],,[none],snapper,,[used with fish freq.]
old man twitch,,noun,,,[none],,,[none],,[none],old man couch,,x-reffed GRASS]
old man's beard,,noun,2,<i>Usnea</i> a lichen that grows on tree trunks and branches.,[none],,,[none],,[none],,,cf OLD MAORI'S BEARD; cf
old man's beard,,noun,,"a rampant, troublesome introduced clematis, a strangler of trees and shrubs, whose flowers are replaced in autumn by dense grey-white down.",[none],,,[none],,[none],,,(cf OLD MAN'S WHISKER(S); TRAVELLERS' JOY) (old man's whisker is also WILD FENNEL)
old man's eyebrow,,noun,,"<i>Drosera binata</i>, a sundew",[none],,,[none],,[none],,,
old man's refuge,,noun,,,[none],,,[none],,[none],,,humorous
old man's whiskers,,noun,,,[none],,,[none],,[none],old man's beard,,
old Maori's beard,,noun,,,[none],,,[none],,[none],"old man's beard, a lichen",,
old mate,,noun,,"Almost a catchphrase, espec: ME OLD MATE, =COBBER, from ca1945, perhaps WW2, at least. (cf OLD CHINA) cf MATE",[none],,,[none],,[none],,,
old men's workings,,noun,,,[none],,,[none],,[none],,,
old money,,noun,,families who made their money in earlier days,[none],,,[none],,[none],,,
old Mother Fry,,noun,,"a catchphrase of comparison: `any other',",[none],,,[none],,[none],,,ca1930 Auckland D. Singe eg He has more cheek than Old Mother Fry The tree's got more roots than Old Mother Fry
Old Ned,,noun,,head,[none],,,[none],,[none],,,prison rhyming slang
old respectables,,noun,,the Legislative Council,[none],historical,,[none],,[none],,,humorous ? coinage
old rookie,,noun,,? an old hand,[none],,,[none],,[none],,,(WW1)
old season,,adjective,,[of lambs] from a previous year's lambing.,[none],,,Rural,Farm Words,[none],,,
old settler,,noun,,,[none],,,[none],,[none],,,
old smoke,,noun,,a blend of BIG SMOKE and OLD COUNTRY,[none],,,[none],,[none],,,
old stager,,noun,,"old hand, veteran (applied below to fish and cattle)",[none],,,[none],,[none],,,
old woman from Botany Bay,,noun,,,[none],,,[none],,[none],,,
old-crop,,noun,,[forestry] a mature pine or pine-block.,[none],,,Rural,Farm Words,[none],,,attrib. use below
old-man bottom,,noun,,,[none],,,[none],,[none],,,
old-man trout,,noun,,,[none],,,[none],,[none],-,,[epithet used with fish frequ.]
older,,noun,,,,,,[none],,[none],oldie,,1984 16 F E39 Pakuranga Coll. 24A OLDERS
oldermass,,noun,,a usage introduced to New Zealand geology by Cotton (1916),,,,[none],,[none],,,
oldest white inhabitant,,noun,,A NZ twist to the well-known English village personality.,[none],,,[none],,[none],,,
olds,,noun,,oldies,,,,[none],,[none],,,"1980 Lynfield College, Auckland (Goldie Brown Collection) olds: parents -->1984 15-16 F E8 Pakuranga Coll. 24A OLDS [M30 F21] -->1984 14 F E122 Wgton Girls C. 24A OLDS F3] -->1984 16-17 F E9 Pakuranga Coll. 24A OLDS,THE [F13 M10] -->1984 14 F E126 Wgton Girls C. 24A THE OLDS"
oleander,,noun,,,,,,[none],,[none],,,
olearia,,noun,,tree-daisy,,,,[none],,[none],,,
olearia,,noun,2,<i>Olearia angustifolia </i>,[none],,,[none],,[none],,,
olearia,,noun,2,<i>Olearia arborescens </i>,,,,[none],,[none],,,
olearia,,noun,2,<i>Olearia semidentata </i>,,,,[none],,[none],,,
olearia,,noun,2,<i>Olearia semidentata </i>,,,,[none],,[none],,,
olearia,,noun,2,<i>Olearia virgata </i>,,,,[none],,[none],,,
olearia,,noun,2,<i>Olearia furfuracea</i>,,,,[none],,[none],,,
olearia,,noun,2,<i>Olearia avicenniaefolia </i>,,,,[none],,[none],,,
olearia,,noun,2,<i>Olearia Forsteri </i>,,,,[none],,[none],,,
olearia,,noun,,<i>Olearia excorticata </i>,[none],,,[none],,[none],,,
olearia,,noun,2,<i>Olearia ilicifolia </i>,,,,[none],,[none],,,
olearia,,noun,2,<i>Olearia macrodonta </i>,,,,[none],,[none],,,
olearia,,noun,2,<i>Olearia moschata </i>,,,,[none],,[none],,,
olearia,,noun,2,<i>Olearia insignis </i>,,,,[none],,[none],,,
Olearia hectorii,,noun,,Hector's tree daisy q.v.,[none],,,[none],,[none],-,,
olive,,noun,2,,,,,[none],,[none],,,
olive branch,,noun,,child,[none],,,[none],,[none],,,
olive,1,noun,,a tree and its fruit,,,,[none],,[none],,,
olive,1,noun,2,,,,,[none],,[none],,,
olive,1,noun,2,<i> Olea</i>,,,,[none],,[none],,,
olive tree,,noun,,hinau,[none],,,[none],,[none],,,
Oly-Whites,,noun,,the New Zealand Olympic football (soccer) team,[none],,,[none],,[none],,,"a play on All Whites; seen in report on an Oceania qualifying match in Sunday Star Times, 3 March 2008"
omahdaun,,noun,,,,,,[none],,[none],,,(Southland Irish: ?family use) -
Omahina tephra,,noun,,Geol. defn.,[none],,,[none],Geology,[none],,,
Ombudsman,,noun,,"an officer of Parliament appointed by the Legislature to investigate complaints by individuals against the state or public services. [Swedish, legal representative]",,,,[none],,[none],,,
Omega lamb,,noun,,a young lamb under 22 pounds destined for the Greek market.,[none],,,Rural,Farm Words,[none],,,
Omega prawn,,noun,,,[none],,,[none],,[none],,,
omnibus,,noun,,a large pack,,,,[none],,[none],,,(trampers' ? coinage)
Omotumotu breccia,,noun,,Geol definition,[none],,,[none],Geology,[none],,,
on and off the bridge,,phrase,,,[none],,,[none],,[none],,,
on aroha,,phrase,,,[none],,,[none],,[none],aroha job,,
on background,,phrase,,,,,,[none],,[none],,,
on board,,phrase,,"with it, mentally responsible",[none],,,[none],,[none],,,
on compo,,phrase,,absent from work receiving compensation,[none],,,[none],,[none],,,
on drop/on the drop,,phrase,1,[ewe or cow] about to lamb or calve.,[none],,,Rural,Farm Words,[none],,,
on gold,,phrase,,working a payable claim.,[none],,,[none],,[none],,,
on hook,,phrase,,,[none],,,[none],,[none],,,Internet search Feb 2006: also in use in Austral.
on it,,phrase,,drinking heavily,[none],informal,,[none],,[none],,,
on it,,phrase,,be + adj. + on it,[none],,,[none],,[none],,,
on one's ace,,phrase,,"[AND 1904: f. a punning euphemism for arse with ace, a singleton.] alone, on one's own; on one's pat (Pat Malone).",[none],,,[none],,[none],,,
on one's bike,,phrase,,annoyed,[none],,,[none],,[none],,,"1978 editorial note 187: `be on one's bike', to be uppity and cross; ..."
on one's hammer,,phrase,,"on one's back, trail, etc. (rhyming sl. hammer and tack, on one's back).",[none],,,[none],,[none],,,"1984 below: get on one's hammer = get on one's nerves, get up one's nose, annoy??"
on one's head,,phrase,,easily,[none],,,[none],,[none],,,
on one's lonely,,noun,,,[none],,,[none],,[none],cf. on one's pat,,
on one's own hook,,phrase,,"on one's own account, for oneself",[none],,,[none],,[none],,,
on one's own hook,,phrase,,,[none],,,[none],,[none],,,
on one's pat,,phrase,,"on one's own, alone",[none],,,[none],,[none],,,
on one's Pat Malone,,phrase,,"on one's own, alone",[none],,,[none],,[none],also on one's pat,,
on one's reputation,,phrase,,"Construction: to do, perform, accomplish, etc. something on one's reputation, to do the `near impossible', to accomplish without visible means, etc. against expectation or `the odds' ca1953 Christmas Charlie Buchanan, rabbiter, Bluff Station, Clarence Valley, remarks of trampers who have used a difficult and treacherous track: `You came round there on your reputation'.",[none],,,[none],,[none],,,
on/off the hill,,phrase,,"the hill, the high-country mustering beat; ?in gen. the high country itself; be on the hill, to be out mustering; be off the hill, to be finished mustering.",[none],,,[none],,[none],,,(musterers')
on protection,,phrase,,,[none],,,[none],,[none],,,
on shares,,phrase,1,[sp. use] sharemilking.,[none],,,Rural,Farm Words,[none],,,
on special,,phrase,,an item offered for a short time at a reduced price,,,,[none],,[none],,,
on terms,,phrase,1,[sheep] a long term grazing arrangement where sheepowner and landowner share profit of wool sales.,[none],,,Rural,Farm Words,[none],,,
on the bash,,noun,,"on the spree, on the booze.",[none],,,[none],,[none],,,1953 15 M A21 Thames DHS 31 BASH (DRINKING = ON THE BASH)
on the battens,,phrase,1,[sheep or shearers] in a woolshed pen.,[none],,,Rural,Farm Words,[none],,,
on the beach,,phrase,,broke; unemployed,[none],,,[none],,[none],cf. beached,,".[HWO Has this been extended from the seamen's idiom, to be on shore out of work or waiting to sign on a ship: modern seamen's<i> to be on the corner</i>.]"
on the bed,,phrase,1,the dressing of a carcass in a special cradle.,[none],,,Rural,Farm Words,[none],,,
on the blind,,phrase,,[of sheepdogs] out of sight of sheep being worked.,[none],,,Rural,Farm Words,[none],,,
on the blind,,phrase,,without prior information or proper sight or foresight,[none],,,[none],,[none],,,
on the blind,,phrase,,(working) out of sight of the shepherd (of a sheepdog); often run on the blind,[none],,,[none],,[none],,,
on the block,,phrase,1,on the hill sections of a station.,[none],,,Rural,Farm Words,[none],,,
on the bludge,,phrase,,on the cadge,[none],,,[none],,[none],,,
on the board,,phrase,,"working as shearers, shearing",[none],,,[none],,[none],,,
on the board/s,,phrase,1,at work on a shearing floor.,[none],,,Rural,Farm Words,[none],,,
on the board/s,,phrase,,[sheep] in the process of being shorn.,[none],,,Rural,Farm Words,[none],,,
on the bone,,phrase,,broke,[none],,,[none],,[none],,,cf. on the bones of one's arse
on the bones of one's arse,,phrase,,,[none],,,[none],,[none],on the bone,,
on the cross,,phrase,,engaged in dishonest practice.,[none],,,[none],,[none],,,
on the crutch,,phrase,1,using a crutch to plunge a sheep's head under the dipping fluid at a pot or swim dip.,[none],,,Rural,Farm Words,[none],,,
"on the cuff, a bit",,phrase,,"beyond what is normal; excessive; severe, etc.: Aust. and NZ: since ca1930.",[none],,,[none],,[none],,,
on the duck's back,,phrase,,"well-off, fortunate",,,,[none],,[none],,,
on the flats,,phrase,1,"level, closely-settled areas of land [usually used for dairying and cropping.]",[none],,,Rural,Farm Words,[none],,,
on the go,,phrase,,on a drinking bout,[none],,,[none],,[none],,,
on the go,,phrase,,about to happen or in progress,[none],,,[none],,[none],,,
on the grin,,phrase,,,[none],,,[none],,[none],,,
on the hill,,phrase,,iup the mountain,,,,[none],Farm Words,[none],,,
on the hill,,phrase,,[high country] on a mustering job.,[none],,,Rural,Farm Words,[none],,,
on the hoof,,phrase,1,[animals] walking rather than being transported.,[none],,,Rural,Farm Words,[none],,,
on the hoof,,phrase,,"used with reference to live animals in contests, exhibitions, or for grading.",[none],,,Rural,Farm Words,[none],,,
on the hooks,,phrase,,[butchery] used with reference to a slaughtered animal's final dressed carcass or its weight.,[none],,,Rural,Farm Words,[none],,,
on the hooks,,phrase,,(of slaughtered carcasses),[none],,,[none],,[none],,,
on the horse's back,,phrase,,on a winner,[none],,,[none],,[none],,,
on the kivvy,,phrase,,on the look out (qui vive),[none],,,[none],,[none],,,
on the knocker,,phrase,,"immediately payable , esp. cash on the knocker.",[none],,,[none],,[none],,,ca1949 Havelock store: `No tick; cash on the knocker.'
on the land,,phrase,1,being an active farmer [not merely living in a rural area.],[none],,,Rural,Farm Words,[none],,,
on the long time,,phrase,,on credit,[none],,,[none],,[none],,,
on the loose,,phrase,,"away from responsibilities, on the booze (cf cut loose).",,,,[none],,[none],,,
on the loose,,phrase,2,(rugby) not bound to the scrum (cf loosie n).,,,,[none],,[none],,,"[Nf OED, P.]"
on the mat,,phrase,,,,,,[none],,[none],,,
on the nod,,phrase,,,[none],,,[none],,[none],,,drug users'
on the nose,,phrase,,"of a person or thing, objectionable, having gone too far [AND distasteful 1941] (cf. on the cuff, snorer, snout)",[none],,,[none],,[none],,,
on the/via hobnail express,,phrase,,on foot,[none],,,[none],,[none],,,
on the outer,,phrase,,"out of favour, neglected; penniless",[none],,,[none],,[none],,,ca1951 Wellington Nash's really on the outer with the Unions now.
on the pig's back,,phrase,,"successful, in a comfortable position, well off (in money, situation, etc.) cf. high on the hog",[none],,,[none],,[none],,,ca1945 He was on the pig's back for the rest of his life when his father left all that money.
on the place,,phrase,1,[common use in conversation] located at a farm or station.,[none],,,Rural,Farm Words,[none],,,
on the prod,,phrase,,"(of animals, esp. sheep on the drive) rebellious, needing to be prodded along",[none],,,[none],,[none],,,
on the quiet,,phrase,,"on the sly, secretly (very frequent in NZ)",,,,[none],,[none],,,
on the rabbity,,phrase,,Out rabbiting?,,,,[none],,[none],,,
on the rail,,phrase,,,[none],,,[none],,[none],,,beef farming
on the rantan,,phrase,,on a drinking spree,[none],,,[none],,[none],,,
on the road,,phrase,,travelling as a swagger,[none],,,[none],,[none],,,
on the road,,phrase,1,stock-droving.,[none],,,Rural,Farm Words,[none],,,
on the roll,,phrase,,drunk,[none],,,[none],,[none],-,,
on the scoot,1,phrase,,"a drinking session or party; a bash, espec. in phrase on the scoot, on the booze, on the spree",[none],,,[none],,[none],,,1930s Taranaki (DEH)
on the skin,,phrase,,??,[none],,,[none],,[none],,,
on the snorer,,phrase,,"on the nose, excessive",[none],,,[none],,[none],,,
on the spade,,phrase,,working as a gumdigger,[none],,,[none],,[none],,,
on the stump,,phrase,,,,,,[none],,[none],,,
on the table,,phrase,1,"[rollers, classers and skirters] working on the wool-table in a wool-shed.",[none],,,Rural,Farm Words,[none],,,
on the tangle,,phrase,,on the booze,[none],,,[none],,[none],,,
on the tank,,phrase,,"on the booze, on a spree",[none],,,[none],,[none],,,"(cf tank v, tanked, tank up) ca1984 April Wellington Teachers' Club He's not here; he's out on the tank somewhere else."
on the thrash,,phrase,,"on the bash, drinking",[none],,,[none],,[none],,,
on the track,,phrase,,(of a swagger) on the move,[none],,,[none],,[none],,,
on the turps,,phrase,,drinking alcohol,[none],informal,,[none],,[none],turps,,
on the vag,,phrase,,"on the road, on the swag (seeking work)",[none],,,[none],,[none],vag,,"on the vag, vag"
on the wallaby,,phrase,,"on the swag (cf. wallaby track; wallaby trot) OED <i>wallaby-track,</i> and hence <i>on the wallaby</i>: Aust: wandering about on foot: 1869; AC 1861; Morris",[none],,,[none],,[none],,,"orig. and usually Australian, and mainly station and outdoors usage in NZ"
on the wallaby,,phrase,,,[none],,,[none],,[none],,,cf P (B1942) 2. on an urban drinking-bout: Aust: ca1890-1910 3. penniless: Aust: 20c. the Red Funnel citation is probably mainly Australian in reference
on the wallaby,,phrase,1,[used in Aus.] [itinerant worker] looking for work.,[none],,,Rural,Farm Words,[none],,,
on the weekend,,phrase,,,,,,[none],,[none],,,
on thirds,,phrase,1,a sheep-grazing arrangement where a grazier is allotted a proportion of the wool and offspring of the flock.,[none],,,Rural,Farm Words,[none],,,"rural, usually sheep farming; occas thirds"
on thirds,,noun,,a system of flock-sharing where an owner put his sheep into the care of a station owner who received a third of the wool and lambs in lieu of rent for grazing,[none],,,[none],,[none],,,
on with,,phrase,,"keen on, amorously involved with, ON A FUSS WITH [AND 1903] -->BE, GET ON WITH, to have a crush on; also as a negative express. not to go much on, not to care much for.",[none],,,[none],,[none],,,
on your bike,,phrase,,"go away, be off",,,,[none],,[none],,,
on-cue feeding,,noun,,alternative term for demand feeding,[none],,,[none],,[none],,,
on-farm,,adjective,,[of events or processes] taking place on a farm property.,[none],,,Rural,Farm Words,[none],,,
on-off grazing,,noun,1,a form of rotational grazing [where stock are offered pasture or crop for only three to four hours each day and are fed on a wintering-pad or sacrifice paddock for the other twenty hours.],[none],,,Rural,Farm Words,[none],,,
on-refer,,verb,,refer on,,,,[none],,[none],,,
once a day,,phrase,1,[dairying] milking cows once daily before drying off or to restrict milking to once daily for animal husbandry reasons.,[none],,,Rural,Farm Words,[none],,,
once more round the gasworks,,phrase,,,,,,[none],,[none],,,
Once were Warriors,,phrase,,,,,,[none],,[none],,,
once-over,,noun,,"constr usually GIVE (SOMEONE) THE ONCE-OVER, to give (someone) a hiding",,,,[none],,[none],,,
oncer,,noun,,"something done once only, once a lifetime (cf ONEFER GOFER)",[none],,,[none],,[none],,,
onco,,adjective,,useless,[none],,,[none],,[none],,,UNCO(OPERATIVE) -->1984 16 F E47 Pakuranga Coll. 10 ONCO
one another,,noun,,1. mother 2. brother,[none],,,[none],,[none],,,rhyming slang
one fat hen and a couple of ducks,,phrase,,a drinking game,[none],,,[none],,[none],,,
one for the pot,,phrase,,,,,,[none],,[none],,,
one holer,,noun,,,[none],,,[none],,[none],,,
one man and a dog,,phrase,,dismissive of a small enterprise; a `one-horse' show (often used attrib.) -->ca1930s R. Mason It's just a one-man-and-a-dog outfit.,[none],,,[none],,[none],,,
one of the owners,,phrase,,"A catchphrase said of, or to, a person who makes as free of a place not his own, as if it was his own; who acts as if he owned the place, or acts with more authority and assurance than his position warrants.",,,,[none],,[none],,,ca 1940 R Mason
one out of the bag,,phrase,,,,,,[none],,[none],,,
one out of the box,,phrase,,"of a thing or person, outstandingly good; esp. of a day's weather, fine and pleasant",[none],,,[none],,[none],,,
One Tree Hill,,noun,,an Auckland landmark,,,,[none],,[none],,,
one's blood is worth bottling,,phrase,,indicating physical stamina or strength of character in a person.,[none],,,[none],,[none],,,
one's eggs are cooked,,phrase,,"one is finished, has had it",[none],,,[none],,[none],,,
one's own bit of dirt,,phrase,,one's own farm.,[none],,,Rural,Farm Words,[none],,,also one's own patch of dirt
one's potato is cooked,,phrase,,"one is done for, finished, one's goose is cooked",[none],,,[none],,[none],,,
one-hander,,noun,,a play or performance with solo performer only,[none],,,[none],,[none],,,
one-man farm,,noun,1,"a farm managed by one worker full-time for most of the year, with occasional seasonal help.",[none],,,Rural,Farm Words,[none],,,
one-man saw,,noun,,"a crosscut saw with an extra moveable grip (usually peg-shaped) at the end away from the fixed grip, to allow it to be used as a two-man saw if necessary ca 1920 at least 1953 in a list of Diston saws",[none],,,[none],,[none],,,
one-man stone,,noun,,,[none],,,[none],,[none],,,? hist.
one-man unit,,noun,,a farm which can be run effectively by one farmer working full-time,[none],,,[none],,[none],,,
one-man unit,,noun,1,"a farm that can be run effectively by one farmer working full-time, with occasional seasonal help.",[none],,,Rural,Farm Words,[none],,,
one-mile map,,noun,,map of NZ scaled one inch to the mile; now replaced with metric QMAP.,[none],,,[none],,[none],,,
one-o'clock,,noun,,,,,,[none],,[none],,,
one-out,,adverb,,"alone, man-to-man -",,,,[none],,[none],,,(criminal slang)
one-sheep ringer,,noun,,"a person who starts off at a huge pace but quickly cools down. [cf. ringer `champion, gun shearer': in above usage, a tyro who sets off like a champion, but exhausts himself on one sheep]",[none],,,[none],,[none],cf. ringer,,"1947 L.C.Bell, Wildlife Branch, Int. Affairs Dept (R.Mason)"
one-spot puller,,noun,,a fish,[none],,,[none],,[none],,,
one-stander,,noun,,,,,,[none],,[none],stander,,
one-star artist,,noun,,,,,,[none],,[none],artist,,
one-striper,,noun,,,,,,[none],,[none],,,
one-teacher school,,noun,,,[none],,,[none],,[none],,,cf AND ONE-: ?NZ =SOLE-CHARGE
one-way,,adjective,,,,,,[none],,[none],,,"Jim writes : Dictionaries define <i>one-way</i> in relation to traffic as allowing travel in one direction only. This does not cover the common NZ one-way bridge, across which a vehicle may travel in either direction unless there is opposing traffic. That is, it can be crossed only one way at a time. Although the distinction is a fine one, it seems real. Possibly the term <i>one-way bridge</i> is itself distinctive NZE. The latest NZ Road Code uses the term <i>one-lane bridge</i>."
one-winged,,adjective,,,,,,[none],,[none],,,WWI
onefor,,noun,,a shilling cigar (cf twofer) (? one for a shilling),,,,[none],,[none],,,? Alpers Cheerful Yesterdays (R. Mason) -->ca 1910 Otago (JWB)
Onehau Granite,,noun,,Geol. definition,[none],,,[none],Geology,[none],,,
Onehunga weed,,noun,,"a lawn weed noted for its sharp-spined seeds in early summer. (Soliva sessilis), or <i>Hydrocotyle</i> sp. ? =JO JO a prickly lawn-grass substitute",[none],,,[none],,[none],,,
Onekaka Schist,,noun,,Geol. definition,[none],,,[none],Geology,[none],,,
oner,,noun,,,,,,[none],,[none],,,
oner,,noun,2,,,,,[none],,[none],,,
Onerahi Chaos,,noun,,a rock type,[none],,,[none],Geology,[none],,,
oneroa,,noun,1,"[Ma.] a variety of farmed native flax, Phormium tenax.",[none],,,Rural,Farm Words,[none],,,
ones,,noun,,,,,,[none],,[none],,,(child marble players')
onewoa,,noun,,,,,,[none],,[none],,,
ongaonga,,noun,1,[Ma.] nettle (Urtica ferox).,[none],,,Rural,Farm Words,[none],,,
ongaonga,,noun,,,[none],,,[none],,[none],,,
ongaonga,,noun,2,,[none],,,[none],,[none],,,
ongaonga,,noun,,a tree nettle,[none],,,[none],,[none],,,
ongers,,noun,,"Shoes or boots, from a brand of shoe supplied to the school once; now used for all school shoes and boots.",[none],,,[none],,[none],,,"(Dilworth School, Auckland) -->1951 Mr McWatt. [cf ONKUS letter]"
ongkus,,adjective,,,[none],,,[none],,[none],onkus,,
onion,,noun,,"1. a wild variety of onion with masses of attractive white flowers. 2. for various plants: see also Maori onion; ONION PLANT, FLOWER, WEED; GRASS; a local weed also called (WILD) GARLIC q.v. 1. NATIVE ONION (see also MAORI ONION) cit. at Native Leek. See Leek. 2. WILD ONION spp. -->[AND =onion weed 1864, 1901 Bulbinera sp] WILD GARLIC, =CROW GARLIC =ONION FLOWER,=ONION WEED etc.",,,,[none],,[none],Maori onion,,
onion,,noun,2,,,,,[none],,[none],,,? Australian bikies only)
onion flower,,noun,,,[none],,,[none],,[none],"onion plant, onion weed",,
onion juice,,noun,,,[none],,,[none],,[none],,,WW2 Egypt
onion plant,,noun,,a wild variety of onion with masses of attractive white flowers.,[none],,,[none],,[none],Maori onion.,,there should be many cits for this; but none in 1st main draft
onion twitch,,noun,,,[none],,,[none],,[none],twitch,,
onion water,,noun,,stella beer (? nonce descriptive),[none],,,[none],,[none],,,WWII. A brew made in Cairo for troops and sold in Services canteens to the troops: had a strong taste of onions
onion weed,,noun,,"onion plant, onion weed -->also called onion flower,wild (three-cornered) garlic, wild onion a wild variety of onion with masses of attractive white flowers. <i>Allium triquetrum</i>, see also GARLIC, THREE-CORNERED, =WILD ONION [AND Asphodelus fistulosus (introduced) 1909; Nothoscordum inodorum f. S. Amer; Bulbiul family see WILD ONION]",[none],,,[none],,[none],also Maori onion,,
onion-rooted twitch,,noun,,,[none],,,[none],,[none],,,
onjonny,,noun,,? a fool,[none],,,[none],,[none],,,
onka,,noun,,"finger : onga paringa [HWO creolised M. shake, wag + paringa, a maorification of finger.",[none],,,[none],,[none],,,1987 p.c. D.McGill rhyming slang
onkus,,adjective,,good,[none],,,[none],,[none],,,(obsolescent)
onkus,,adjective,2,,,,,[none],,[none],,,
onkus,,adjective,3,,,,,[none],,[none],,,
onkus,,noun,4,"I have heard (before 1939?) the expression be on one's onkus = `be on the bones of one's arse, broke'; or `be one's last legs' I had always thought of the word as `honkers', probably arbitrarily seeing in it `hunkers' or `haunches', euphemism for `arse', as the concrete expressions were `get up off your onkus', `get up off you behind (and start working etc',) ... `sitting around on your onkus'. [....:.]. However, this meaning is not otherwise known.",,,,[none],,[none],,,
ononis,,noun,,,,,,[none],,[none],,,
ons,,noun,,,,,,[none],,[none],,,marble term
onside (with),,adjective,,"in good with, in the good books of, on the right side of (someone)",[none],,,[none],,[none],cf. offside with,,"ca1945 at least It's best to keep onside with the boss. (probably from Rugby Football term <i>(keep)onside, associated with prob.</i> older expressions as <i>keep on the right side of, ... the side one's bread's buttered on </i> etc.)"
onwards and upwards,,phrase,,in full : Onwards and upwards (with theBrakes off),,,,[none],,[none],,,"popularized by Hon. M.J. Savage c1936. Still in use (1957, R. Mason)"
oodle,,verb,,,,,,[none],,[none],,,
oodle,,noun,,Money,,,,[none],,[none],,,
oomey,,adjective,,,,,,[none],,[none],,,
oonst,,noun,,electronic dance music?,[none],,,[none],,[none],,,"An Oonst Oonst Oonst That Could Not Be Heard: The Secret History of Electronic Music, techno was actually invented in 1962 by Herman Poltswalski, a shoe salesman and dedicated electronics audio hobbyist from Eau Claire, Wisconsin. He called the beat-driven music that he coaxed from his home-made synthesizers and drum machines ""indestructible polka"" despite the fact that it generally followed a 4/4 beat and exceeded the speed of the fastest polkas by about 30 bpm. (From www.livejournal.com"
OOS,,abbreviation,,"occupational overuse syndrome, a condition previously known as RSI or repetitive strain injury",acronym,,,[none],,[none],,,also Australian
oozle,,verb,,to wangle,,,,[none],,[none],,,
oozlering,,noun,,,[none],,,[none],,[none],cf. oozle v.,,
op shop,,noun,,opportunity shop,[none],,,[none],,[none],,,attrib. uses
op shop,,noun,,a charity shop selling donated goods cheaply.,[none],,,[none],,[none],,,"to be distinguished from a pre-loved clothes store, and other commercial second-hand shops."
opah,,noun,,moonfish,,,,[none],,[none],,,
opal,,noun,,a 100 mg morphine sulphate tablet (drug),[none],,,[none],,[none],,,
opal top shell,,noun,,<i>Cantharidus opalus</i>,[none],,,[none],,[none],,,
opalfish,,noun,,,,,,[none],,[none],,,
ope,,noun,,"war party, band of travellers, group, company",Maori,,,[none],,[none],,,
open,,verb,,,[none],,,[none],,[none],,,
Open Bay Islands gecko,,noun,,"a small brown gecko known only from Taumaka Island in the Open Bay Islands, south Westland.",[none],,,[none],,[none],,,"<i>Hoplodactylus ""Open Bay Islands gecko""</i>"
Open Bay Islands skink,,noun,,"Known only from a small population on Taumaka Island in the Open Bay Islands, South Westland the Open Bay Islands skink is slender, dark brown, with relatively large feet.",[none],,,[none],,[none],,,<i>Oligasoma taumakae</i> aka Taumaka skink.
open boundary,,noun,1,"an unfenced boundary between properties [with reliance on cliffs, rivers etc.]",[none],,,Rural,Farm Words,[none],,,
open bush,,noun,,,[none],,,[none],,[none],,,
open camp,,noun,1,[droving] an overnight stop where stock are left on the roadside and drovers/musterers sleep in a tent or under a fly.,[none],,,Rural,Farm Words,[none],,,
open camp,,verb,,[droving] to overnight stock on the roadside [rather than in a holding paddock.],[none],,,Rural,Farm Words,[none],,,
open cast,,adjective,,,,,,[none],,[none],,,
open country,,noun,,"land without any obstruction to movement or use; spec. without (or with very few) trees 1849 country not covered with bush, cf OPEN LAND cf OPEN BUSH",[none],,,[none],,[none],,,
open country,,noun,,-,[none],,,[none],,[none],,,possible distinction. open downs 1848; open paddock 1929 open plain
Open Country,,noun,1,a long-running national radio programme dealing with rural matters.,[none],,,Rural,Farm Words,[none],,,
open country,,noun,1,land that does not carry trees or forest.,[none],,,Rural,Farm Words,[none],,,
open country,,noun,,"unfenced land, usually in the high country.",[none],,,Rural,Farm Words,[none],,,
open country,,noun,,land available for selection.,[none],,,Rural,Farm Words,[none],,,
open country,,noun,,"land that is not close-hilled, but open to the elements.",[none],,,Rural,Farm Words,[none],,,
open country,,noun,,land with no tracks or roads.,[none],,,Rural,Farm Words,[none],,,
open,,adjective,,,[none],,,[none],,[none],,,"1832 @open grassy forest' open aj2 of land, available for settlement: to throw open land 1830]"
open,,adjective,,"(of land) with scattered trees without undergrowth, etc. 1829",[none],,,[none],,[none],,,
open,,adjective,3,"(?South Island) of land, without obstruction to title sc. not taken up by owners",,,,[none],,[none],,,
Open,,noun,1,the senior or top class of a dog trial competition.,[none],,,Rural,Farm Words,[none],,,
open farm,,noun,1,a farm property for sale and/or open for inspection on a particular date.,[none],,,Rural,Farm Words,[none],,,
open farm,,noun,,a farm property which is for sale and open for inspection on a particular date,[none],,,[none],,[none],,,
open land,,noun,1,land with cover that has been felled.,[none],,,Rural,Farm Words,[none],,,
open land,,noun,,freehold land.,[none],,,Rural,Farm Words,[none],,,
open one's lunchbox,,phrase,,to fart,[none],,,[none],,[none],,,
open out,,adjective,,behaving badly,,,,[none],,[none],,,
open out,,verb,,"[shearing] to make a break in fleecewool, using handshears.",[none],,,Rural,Farm Words,[none],,,
open sanctuary,,noun,,a sanctuary for indigenous flora and fauna for which a special entry permit is not required.,[none],,,Environment,,[none],,,
open scrubland,,noun,,,[none],,,[none],,[none],,,
open shearing,,noun,,,[none],,,[none],,[none],,,
open shearing,,noun,1,casual rather than contract shearing.,[none],,,Rural,Farm Words,[none],,,
open shed,,noun,1,a woolshed where shearers arrive and compete for a stand without prior reservation.,[none],,,Rural,Farm Words,[none],,,
open shed,,noun,,,[none],,,[none],,[none],,,(shearers') check SHED (v. contract shearing)
open shingle,,noun,1,"[ high country] exposed shingle fans, faces and slips.",[none],,,Rural,Farm Words,[none],,,
open slather,,noun,,"a free-for-all, a free rein; anything goes",[none],informal,,[none],,[none],-,,(ca1920 p.c. R. Mason (1952)) compare DNZE earliest citation 1959
open the books,,phrase,,a mainly political catchphrase popularised by the 1984- Lange Labour Administration,,,,[none],,[none],,,
open up,,verb,,,[none],,,[none],,[none],,,
open up,1,verb,,,,,,[none],,[none],,,(shearers')
open up,1,verb,2,to slit the stomach of an animal (freezingworkers'),,,,[none],,[none],,,
open up,2,verb,,,,,,[none],,[none],,,
open up,2,verb,2,country or land for settlement (also OPEN),,,,[none],,[none],,,
open up,,verb,,to expose land to stock after it has been 'shut up'.,[none],,,Rural,Farm Words,[none],,,
open up,,verb,,to develop or to tame land.,[none],,,Rural,Farm Words,[none],,,
open up,,verb,,to make tracks or roads through land.,[none],,,Rural,Farm Words,[none],,,
open up,,verb,,"to begin a job, especially in shearing a sheep and harvesting crops.",[none],,,Rural,Farm Words,[none],,,
open up pelters,,phrase,,to slit an animal's guts,[none],,,[none],,[none],,,
open winter,,noun,,,[none],,,[none],Farm Words,[none],,,"CC Ransom notes: But open winter is an old American term for a mild winter: we always thought of freedom from heavy snow as its chief characteristic: thus countryside is open for travel, movement of beasts, etc"
open winter,,noun,1,[high country] a relatively snow-free season that does not allow a clear boundary for safe sheep grazing.,[none],,,Rural,Farm Words,[none],,,
open-faced,,adjective,,(of sheep) with heads relatively free of wool,[none],,,[none],,[none],"clear-faced, clean-faced",,
open-framed,,adjective,1,[of dairy cows] with large skeletons.,[none],,,Rural,Farm Words,[none],,,
open-pointed,,adjective,,,[none],,,[none],,[none],,,
open-space covenant,,noun,,an agreement with government to allow public access,[none],,,[none],,[none],,,
open-tussocked,,adjective,,,,,,[none],,[none],,,
opening of the books,,phrase,,,[none],,,[none],,[none],open the books,,
opening up,,noun,1,the developing of land for farming.,[none],,,Rural,Farm Words,[none],,,
Opera in the Woolshed,,noun,1,an annual rural event [matching the urban trend of 'Opera in the Park'' etc.],[none],,,Rural,Farm Words,[none],,,
opera singer,,noun,1,a wild pig.,[none],,,Rural,Farm Words,[none],,,
operation,,noun,1,a farming enterprise.,[none],,,Rural,Farm Words,[none],,,
Operation Ark,,noun,,,[none],,,[none],,[none],,,
Operation Deepfreeze,,noun,,US Antarctic programme,[none],,,[none],,[none],,,
Operation Frostbite,,noun,1,the milking of dairy cows through winter.,[none],,,Rural,Farm Words,[none],,,
operations manager,,noun,1,a management position on a large dairy farm.,[none],,,Rural,Farm Words,[none],,,
Opo,,noun,,,,,,[none],,[none],,,
Opoitian,,adjective,,rock classification,[none],,,[none],Geology,[none],,,
opossum,1,noun,,,[none],,,[none],,[none],,,Noun.
opossum block,,noun,,a designated area where a possum hunter is contracted to work.,[none],,,Rural,Farm Words,[none],,,
opossum rug/possum rug,,noun,,,[none],,,[none],,[none],also wogga,,
opossum skin,,noun,,,[none],,,[none],,[none],,,also possum skin
oppo,,noun,,Opposition Member of Parliament (? esp pl. The oppos),[none],,,[none],,[none],,,
opportunity shop,,noun,,"a shop selling second-hand goods for charity, etc. short form is op shop",[none],,,[none],,[none],op shop,,ca1968 Wellington (?City Mission Shop) patron in Duke of Edinburgh Hotel
OPs,,abbreviation,,other people's; something borrowed or cadged (usually a cigarette cf. DOOFER),[none],,,[none],,[none],,,"Jim Cameron writes: Formerly common esp. in relation to cigarette smoking, and thus perhaps dated. Eg ""he only smokes OPs."" Macquarie 1981. ca 1941 St Patrick's College, Silverstream. General. DEH notes hearing this phrase in the 1940s in relation to sheep. ""A lot of his sheep are OPs."""
opshop,,verb,,,[none],,,[none],,[none],,,
opshopper,,noun,,,,,,[none],,[none],,,
opshopper,,noun,,,,,,[none],,[none],,,
opshopping,,noun,,,[none],,,[none],,[none],,,
ora,,adjective,,"safe, well",,,,[none],,[none],,,
orache,,noun,2,,,,,[none],,[none],,,
orache,,noun,,<i>Atriplex </i>spp.,,,,[none],,[none],,,
orache,,noun,2,,,,,[none],,[none],,,
orache,,noun,2,,,,,[none],,[none],,,
orache,,noun,2,,,,,[none],,[none],,,
oranga,,noun,1,a New Zealand-bred cultivar of lucerne.,Maori,,,Rural,Farm Words,[none],,,
orange barrel,,noun,,,[none],,,[none],,[none],,,junkie slang
orange berry,,noun,,<i>Tetrapathaea australis </i>,[none],,,[none],,[none],,,
orange blossom,,noun,,<i>Hoheria populnea</i>,[none],,,[none],,[none],lacebark,,
orange clinid,,noun,,the fish <i>Ericentrus ruber </i>,[none],,,[none],,[none],,,
orange moth,,noun,,<i>Aponotoreas insignis</i>,[none],,,[none],,[none],,,
orange parrotfish,,noun,,,[none],,,[none],,[none],,,
orange perch,1,noun,,Distinguished by orange colour and large eyes; abundant in deep waters off NZ and southern Australia.,[none],,,[none],,[none],,,<i>Lepidoperca pulchella</i>
orange perch,1,noun,,,[none],,,[none],,[none],,,
orange roughy,,noun,,"a coastline patrol officer, as in the TV drama Orange Roughies",[none],,,[none],,[none],,,(transferred use)
orange roughy,,noun,,"a bright orange, fine-fleshed, deep-water food-fish. spg <i>roughie</i> a fish species =ROUGHY [x-reffed to R] now 1988 mainly referred to in menus, etc. as ROUGHY ; [new example and suggested amendment to definition]<i>Hoplostethus atlanticus</i>, a deep-sea fish first discovered in commercial quantities off New Zealand in 1975 and now widely fished throughout the world (Bradstock)",,,,[none],,[none],,,
orange roughy,,noun,,an orange box of instrumentation,[none],,,[none],,[none],,,
orange wrasse,,noun,,,[none],,,[none],,[none],,,
orange-fronted parakeet,,noun,,the parakeet Cyanoramphus malherbi,[none],,,[none],,[none],,,"Also known as the South Island parakeet and orange crested parakeet, the endangered orange-fronted parakeet could be forgiven for having an identity crisis, since the debate over its taxonomic status has spanned three centuries."
orange-leaf,,noun,,<i>Coprosma lucida</i> ORANGE-LEAF (TREE),,,,[none],,[none],,,
orange-spotted lizard,,noun,,,[none],,,[none],,[none],,,
orange-tree,,noun,,,[none],,,[none],,[none],,,
orange-wattled crow,,noun,,,[none],,,[none],,[none],also crow,,
orange-wattled crow,,noun,,,[none],,,Environment,,[none],kokako,,
orange-wattled kokako,,noun,2,,[none],,,Environment,,[none],,,
orange-zoner,,noun,,,[none],,,[none],,[none],,,resident of the orange zone in post eq Chch
orangewood,,noun,,,[none],,,[none],,[none],cf. orange-leaf,,
orangewood,,noun,2,,,,,[none],,[none],,,
orchard gate returns,,phrase,,,[none],,,[none],,[none],,,"International citations googled, indicate use of phrase when referring to NZ growers, esp of kiwifruit."
orchard grass,,noun,,,[none],,,[none],,[none],grass,,
orchard hand,,noun,,,[none],,,[none],,[none],,,"Google search: Austral., N Amer., NZ. google search 11/2006: NZ 181, Austral 141."
orcharding,,noun,,,[none],,,[none],,[none],,,
orchardised,,adjective,,modified for orchard use,,,,[none],,[none],,,
orchardised,,adjective,1,[of tractors and other equipment] modified for use in orcharding.,[none],,,Rural,Farm Words,[none],,,Google search Nov 2006: most hits in NZ.
orchardist,,noun,,,,,,[none],,[none],,,
orchestral stalls,,noun,,"balls, testicles",[none],,,[none],,[none],,,ca1951 p.c. Bluey Carney Gresham Hotel (Wellington) -->(Probably from Services in WW2) -->rhyming slang
orchestrated litany of lies,,phrase,,,,,,[none],,[none],,,
orchid,1,noun,,?From appearance of flower.,,,,[none],,[none],,,
orchid,2,noun,,a member of the Air Force,,,,[none],,[none],also blue orchid,,
orchid,1,noun,,,,,,[none],,[none],,,
orchid,1,noun,,,,,,[none],,[none],,,
orchid,1,noun,,,,,,[none],,[none],,,
orchid,1,noun,,,,,,[none],,[none],,,
orchid,1,noun,,,,,,[none],,[none],,,
orchid,1,noun,,<i>Microtis</i> spp.,,,,[none],,[none],,,
orchid,1,noun,,,,,,[none],,[none],,,
orchid,1,noun,,<i>Corysanthes triloba</i>,,,,[none],,[none],,,
orchid,1,noun,,,,,,[none],,[none],,,
orchid,1,noun,,<i>Corysanthes macrantha </i>,,,,[none],,[none],,,
orchid,1,noun,,<i>Gastrodia</i> spp.,[none],,,[none],,[none],also silverback,,
orchid,1,noun,,<i>Corysanthes rotundifolia </i>,,,,[none],,[none],,,
orchid,1,noun,,,,,,[none],,[none],,,
orchid,1,noun,,,,,,[none],,[none],,,
orchid,1,noun,,<i>Gastrodia cunninghami</i>,,,,[none],,[none],"huperi, maukuku",,
orchid,1,noun,,,,,,[none],,[none],,,
orchid,1,noun,,<i>Pterostylis graminea </i>,,,,[none],,[none],,,
orchid,1,noun,,,,,,[none],,[none],,,
orchid,1,noun,,,,,,[none],,[none],,,
orchid,1,noun,,,,,,[none],,[none],,,
orchid,1,noun,,RAUPEKA see also EARINA,,,,[none],,[none],,,
orchid,1,noun,,,,,,[none],,[none],,,
orchid,1,noun,,,,,,[none],,[none],,,
orchid,,noun,,<i>Earina autumnalis</i>,,,,[none],,[none],,,
orchid,,noun,,<i> Earina</i> spp,,,,[none],,[none],,,ca1954 Heard in Hutt Valley used by A.G. Hulston (R. Mason)
Orcland,,noun,,Auckland,,,,[none],,[none],,,
ordinance,,noun,,,,,,[none],,[none],,,
ordinary bloke,,noun,,the man in the street,[none],,,[none],,[none],also ordinary joker,,cf column in Wellington Contact-->
ordinary claim,,noun,3,,[none],,,[none],,[none],,,
ordinary joker,,noun,,,[none],,,[none],,[none],,,
ore reserve,,noun,,,[none],,,[none],,[none],,,
ore to ore,,phrase,,,,,,[none],,[none],,,(goldmining)
orea,,noun,,an eel,,,,[none],,[none],,,
oreo,,noun,,a fish,,,,[none],,[none],,,
oreo dory,,noun,,,[none],,,[none],,[none],dory,,
oreobolus,,noun,,<i>Oreobolus pec </i>,,,,[none],,[none],,,
oreobolus,,noun,,<i>Oreobolus strictus </i>,,,,[none],,[none],,,
oreshoot,,noun,,,,,,[none],,[none],,,
Oretian,,adjective,,Geol. classification,[none],,,[none],Geology,[none],,,
Orewa,,noun,,,[none],,,[none],,[none],"Orewa I, Orewa II, Orewa III, Orewa speech, Orewan",,
orewa,,noun,,a tree,[none],,,[none],,[none],,,"Williams 241 <i>Orewa ... Planchonella</i> (syn. <i>Sideroxylon) novozelandica</i>, a tree. =<i>tawapou.</i>:"
Orewa I,,noun,,Don Brash's first speech at Orewa,[none],,,[none],,[none],Orewa speech,,
Orewa II,,noun,,,[none],,,[none],,[none],"Orewa, Orewa III, Orewan",,
Orewa III,,noun,,,[none],,,[none],,[none],"Orewa, Orewa II, Orewan",,
Orewa speech,,noun,,a speech by National Party leader Don Brash laying out party policy on Maori-Pakeha relations (January 2004),[none],,,[none],,[none],,,
Orewan,,adjective,,,[none],,,[none],,[none],,,
organ bird,,noun,,"the indigenous bird, kokako",Maori,,,Environment,,[none],,,
ori,,noun,,orienteering,abbreviation,informal,,[none],,[none],,,1984 16 M E88 Pakuranga Coll. 20 ORI [ORIENTEERING]
ori,,noun,,orientation week at a university,[none],informal,,[none],,[none],,,
ori week,,noun,,an orientation week at a university,[none],,,[none],,[none],,,
Originals,,noun,,,,,,[none],,[none],,,
orihou,,noun,,"Williams 241 <i>Orihou ...Nothopanax colensoi</i>, a shrub.",,,,[none],,[none],,,
Orion,,noun,,the Shacklock Orion range,[none],,,[none],,[none],,,
oriori,,noun,,lullaby,Maori,,,[none],,[none],,,
ornate skink,,noun,,a somewhat secretive skink resident across the North Island and many outlying islands.,[none],,,Environment,,[none],,,"<i>Oligosoma ornata</i> aka pre 2009 <i>Cyclodina ornata</i> aka Aorangi skink, aka Manawha skink"
ORNZ,,abbreviation,,Outdoor Recreation Party of New Zealand,[none],,,[none],,[none],,,
oroblanco,,noun,,,,,,[none],,[none],,,
orooro,,noun,,"Williams 242 Oro (i) ... 3. <i>n. Senecio kirkii</i>, a shrub.: cf <i>Oro </i>(iii) ... <i>Clump</i> of trees, <i>copse</i>; generally followed by the name of the tree ...:",,,,[none],,[none],,,
oroua,,noun,1,a New Zealand-bred cultivar of wheat.,Maori,,,Rural,Farm Words,[none],,,
ORP,,abbreviation,,Occupation with Right of Purchase,acronym,,,[none],,[none],,,(hist) and attrib -->?c1913
orphan,,noun,,a car with no spares,[none],,,[none],,[none],,,1981 Feb Avondale College (Auckland) Slang Words in Use (Goldie Brown Collection) an orphan: a car with no spares
Orphan Annies,,noun,,WRNZNS overalls,[none],,,[none],,[none],,,(N.Z. naval)
orphie,,noun,,an orphan; a child from a children's home or orphanage.,[none],,,[none],,[none],,,
ORRS,,abbreviation,,Ongoing Reviewable Resourcing Scheme,acronym,,,[none],,[none],,,
"ortballs, orts",,noun,,the police,[none],,,[none],,[none],,,(adolescents') (?OUGHT = NOUGHT) -->1984 16 F E24 Pakuranga Coll. 24C ORTBALLS -->1984 16 F E30 Pakuranga Coll. 24C ORTBALLS -->1984 17 M E108Pakuranga Coll. 24C ORTS [also OUGHTS] -->1984 17 M E107Pakuranga Coll. 24C OUGHTS [also ORTS]
oru,,noun,,"Williams 242 <i>Oru</i> (i) 5. Dasyatis brevicaudatus, sting-ray.: -->=SHORTTAIL STINGRAY",[none],,,[none],,[none],,,
oru,,noun,,"Williams 242 Oru (i) ... 6. <i>Colensoa physaloides</i>, a plant.:",[none],,,[none],,[none],,,
Oruanui breccia,,noun,,Geol. definition,[none],,,[none],Geology,[none],,,
OS,,abbreviation,,overseas shift,[none],,,[none],,[none],,,
oscar,,noun,,cash - in full oscar asche,,,,[none],,[none],,,ca 1935 Havelock 1946 JNZME 20 [check quotation]
Oscar Asche,,noun,,cash,[none],,,[none],,[none],,,rhyming slang
OSH,,abbreviation,,Occupational Safety and Health,[none],,,[none],,[none],,,
OSH-friendly,,adjective,,following standards and regulations to do with occupational safety and health.,[none],,,[none],,,,,
osier,,noun,,,,,,[none],,[none],,,
Osonzac,,abbreviation,,Otago section of the New Zealand Alpine Club,[none],,,[none],,[none],,,
Ossie,,noun,,variant of Aussie,[none],,,[none],,[none],Aussie,,
ostrich foot,,noun,,,[none],,,[none],,[none],,,
Otagan,,noun,,resident of Otago,[none],,,[none],,[none],,,cf also OTAGOAN; the spelling Otago long attested: cf
Otagan,,adjective,,,[none],,,[none],,[none],,,
Otago,,noun,,,,,,[none],,[none],,,
Otago block,,noun,,,[none],,,[none],,[none],,,
Otago Central,,noun,,variant of Central Otago,[none],,,[none],,[none],,,
Otago Central rail trail,,noun,,,[none],,,[none],,[none],,,rail trail itself not a NZism
Otago cockney,,noun,,,[none],,,[none],,[none],,,
Otago ghost moth,,noun,,,[none],,,[none],,[none],,,
Otago pack-saddle,,noun,,,[none],,,[none],,[none],,,
Otago plesiosaur,,noun,,,[none],,,[none],,[none],,,
Otago raid,,noun,,,[none],,,[none],,[none],,,
Otago schist,,noun,,Geol. definition,[none],,,[none],Geology,[none],,,
Otago skink,,noun,,"a splendid and highly endangered skink with brightly mottled appearance, relatively widespread in Otago and capable of living up to 40 years.",[none],,,Environment,,[none],,,<i>Oligosoma otagense</i>
Otagoan,,adjective,,,[none],,,[none],,[none],,,
Otagoist,,noun,,person from Otago (who supports the province),,,,[none],,[none],,,
Otagoite,,noun,,a person from Otago,[none],,,[none],,[none],,,
Otagonian,,adjective,,of the Otago region,[none],,,[none],,[none],,,
Otagonian,,noun,,,,,,[none],,[none],,,
Otagonian,,noun,,,,,,[none],,[none],,,
Otagos,,noun,,,,,,[none],,[none],,,
Otaian,,adjective,,rock classification,[none],,,[none],Geology,[none],,,
otaio,,noun,1,a New Zealand-bred cultivar of lucerne (Medicago sativa).,Maori,,,Rural,Farm Words,[none],,,
Otamitan,,adjective,,Geol. classification,[none],,,[none],Geology,[none],,,
Otane,,noun,,a NZ wheat cultivar,[none],,,[none],,[none],,,
Otapirian,,adjective,,Geol. classification,[none],,,[none],Geology,[none],,,
Otara Beach,,noun,,a local popular name for the Otara market in South Auckland,[none],,,[none],,[none],,,Jim Cameron writes: This doubtless derives from the use of <i>beach</i> in the Pacific islands as a place for trading interaction between Polynesians and palangi.
Other Bastards' Efforts,,noun,,an OBE,[none],,,[none],,[none],,,
other side,,noun,3,the other side: (Stewart Islanders') =BLUFF (cf OVER THERE,[none],,,[none],,[none],,,
other side,,noun,2,"the other side: (from a northern hemisphere point of view) the Antipodes, the other side of the world",[none],,,[none],,[none],,,
other side,,noun,1,"the other side: (favouring prepositions FROM, OF, OVER) the other side of the Tasman, Australia [AND 1. part of Australia remote from the speaker 1827 2a. a place in the northern hemisphere, esp. England 1892 b. in W.A., eastern states]",[none],,,[none],,[none],,,
othersider,,noun,,an Australian,[none],,,[none],,[none],,,
Otira joys,,noun,,(recipe),[none],,,[none],,[none],,,
Otiran,,adjective,,Geol. classification,[none],,,[none],Geology,[none],,,
OTS,,abbreviation,,Office of Treaty Settlements,,,,[none],,[none],,,
otter,,noun,,,[none],,,[none],,[none],,,aka New Zealand otter; see waitoreke
Oturi Interglacial,,noun,,Geol. classification,[none],,,[none],Geology,[none],,,
oui,,noun,,oi (muttonbird),[none],,,[none],,[none],,,
our boys' pudding,,noun,,,[none],,,[none],,[none],,,
our inner Kim Hill,,phrase,,,,,,[none],,[none],,,
Our Lady of October,,noun,,,[none],,,[none],,[none],,,
our muttons,,phrase,1,exceedingly well favoured.,[none],,,Rural,Farm Words,[none],,,
Our Place,,noun,,,[none],,,[none],,[none],Te Papa,,Alternative name for Te Papa - Museum of NZ
ourisia,,noun,,,[none],,,[none],,[none],,,<i>Ourisia macrocarpa</i>
ourisia,,noun,2,<i>Ourisia Colensoi </i>,,,,[none],,[none],,,
ourisia,,noun,2,<i>Ourisia caespitosa </i>,,,,[none],,[none],,,
ourisia,,noun,2,<i>Ourisia glandulosa </i>,,,,[none],,[none],,,
ourisia,,noun,2,<i>Ourisia sessilifolia </i>,,,,[none],,[none],,,
ourisia,,noun,2,<i>Ourisia macrophylla </i>,,,,[none],,[none],,,
ourisia,,noun,2,<i>Ourisia prorepens </i>,,,,[none],,[none],,,
ourisia,,noun,2,<i>Ourisia modesta </i>,[none],,,[none],,[none],,,
ourisia,,noun,2,<i>Ourisia caespitosa </i>,,,,[none],,[none],,,
ourisia,,noun,,,,,,[none],,[none],,,
out,,adjective,2,"1. in local use: in combinations, away from, outside the bounds of settlement; the main homestead (station) etc. -->see OUT-HUT, -LIFE, SETTLEMENT, -SETTLER, -SHEPHERD, -STATION. cf OED outside adj 2b Austr. 1881, 1885 `situated without the line of settlement;in the bush.",,,,[none],Farm Words,[none],,,
out and outer,,noun,,,[none],,,[none],,[none],,,
out country,,noun,,land far from roads or towns.,[none],,,Rural,,[none],,,
out,,adjective,2,,[none],,,[none],,[none],cf. outer n.,,
out,,noun,,an out-settler,[none],,,[none],,[none],out-settler,,
out,,adverb,,(out [place name] way) a vague directional reference to a near distant district,[none],,,[none],,[none],,,"Jim writes : Additional illustrations of the NZ use of ""out"" as a preposition are from the <i>Wairarapa Times-Age</i> 5/5/99 - ""out the back of the race"" - and ""...when the train comes out the [Rimutaka] tunnel...""; <i>Pacific Waves 3/00. And I have recently heard someone in the office of a club say ""the card is out the bar."""
out,1,adverb,,"obs out-district 1835, - farm 1805, - settlement1805, - settler 1802, - squatter 1847 2. comb at a distance from principal establishment of a rural property out-camp 1905. - camper 1900, - hut 1873, - padock 1886 -->[OUT elliptic. for `out in (to) the back country] A. av remote from major centre of population 1875 (e.g. `which led `out back'') B. aj pertaining to ... remote parts of the country 1896 C. n. a. sparsely inhabited country remote from a major centre of population 1893 b. great Australian outback 1936]",,,,[none],,[none],,,
out,,adverb,,,[none],,,[none],,[none],,,
out,,adverb,,[of dairy cows] not being milked,[none],,,Rural,Farm Words,[none],,,
out for a rest,,phrase,,,[none],,,[none],,[none],,,
"Out House, The",,noun,,a gay TV programme,[none],,,[none],,[none],,,no entry for Kiwi Fruit (see citation)
out of collar,,phrase,,out of work,[none],,,[none],,[none],,,
out of one's chooks,,phrase,,drunk or drugged; out of one's skull,[none],informal,,[none],,[none],,,
out of one's tree,,phrase,,drunk,[none],,,[none],,[none],,,"(elsewhere meaning mad, stupid)"
out of the bush,,phrase,1,[land ] developed for farming.,[none],,,Rural,Farm Words,[none],,,
out of the cactus,,phrase,,out of difficulties,[none],,,[none],,[none],in the cactus,,
out of the wool,,phrase,1,shorn.,[none],,,Rural,Farm Words,[none],off the blades; off the shears,,
out on its own like a country shithouse,,phrase,,unique,[none],,,[none],,[none],,,
out on its pat,,phrase,,out on its own; very good,[none],,,[none],,[none],,,c. 1914 (C.R. Carr).
out on one's own,,phrase,,beyond reproach,[none],,,[none],,[none],,,
out the back,,phrase,1,"the farthest reaches of a property, near to the back boundary.",[none],,,Rural,Farm Words,[none],,,
out the monk,,phrase,,"in the unknown desert, up the blue",[none],,,[none],,[none],,,ca 1940 North Africa (Arthur Helm)
out the monk,,phrase,,incapacitated,[none],,,[none],,[none],,,
out the monk,,phrase,,"disabled in various ways, unconscious, blind drunk, had it",[none],,,[none],,[none],.,,
out the monk with,,phrase,,"offside with, having fallen out with",[none],,,[none],,[none],,,
out to it,,phrase,,drunk,[none],,,[none],,[none],,,
out-blocker,,noun,,,[none],,,[none],,[none],,,
out-building,,noun,1,"[sp. use] a woodshed, dairy, meat-safe, killing house, stable, wash-house, implement shed, whare or hut.",[none],,,Rural,Farm Words,[none],,,
out-class,,noun,,an extramural or community class,[none],,,[none],,[none],,,
out-district,,noun,1,an isolated farming settlement far from a town or city.,[none],,,Rural,Farm Words,[none],,,
out-fence,,verb,,to beat other contenders in a farm fence construction contest.,[none],,,Rural,Farm Words,[none],,,
out-flock,,noun,,,,,,[none],,[none],,,
out-hut,,noun,,,,,,[none],,[none],,,(station obs)
out-hut,,noun,1,out-station or whare far from the station homestead.,[none],,,Rural,Farm Words,[none],,,
out-life,,noun,,open-air life; ? BUSH-LIFE,,,,[none],,[none],,,
out-of-zone,,adjective,,,[none],,,[none],,[none],,,
out-passioned,,adjective,,,,,,[none],,[none],,,
out-physical,,verb,,outmuscle,[none],,,[none],,[none],,,
out-settlement,,noun,,,,,,[none],,[none],,,
out-settler,,noun,,,,,,[none],,[none],,,cf OUT-SETTLEMENT
out-settler,,noun,1,a farmer taking up land in an isolated area.,[none],,,Rural,Farm Words,[none],,,
out-shear,,verb,1,to shear faster than an opponent.,[none],,,Rural,Farm Words,[none],,,
out-sheep station,,noun,,an unusual form of OUT-STATION,,,,[none],,[none],,,(rare)
out-shepherd,,noun,,,,,,[none],,[none],,,
out-shepherd,,noun,1,a boundary-keeper or out-station shepherd.,[none],,,Rural,Farm Words,[none],,,
out-station,,noun,,"formerly, an outlying bush farm. spg occas. outstation; a homestead (or living quarters) on a partof a sheep-station distant from the main homestead; asubsidiary station",,,,[none],,[none],,,
out-station,,noun,,,[none],,,[none],,[none],,,
out-station,,noun,,,,,,[none],,[none],,,
out-station,,noun,3,an Armed Constabulary outpost,[none],,,[none],,[none],,,2. (hist)
out-station,,noun,3,,,,,[none],,[none],,,hist.
out-station,,noun,1,a dwelling set at a considerable distance from the main station homestead and buildings,[none],,,Rural,Farm Words,[none],,,
out-station,,noun,2,"a second homestead, yards etc on a property surrounded by a considerable area of land.",[none],,,Rural,Farm Words,[none],,,
out-station shepherd,,noun,1,a boundary shepherd or one kept at an isolated part of a station.,[none],,,Rural,Farm Words,[none],up-country shepherd,,
out-whare,,noun,1,a farm or station accommodation hut or out-station.,[none],,,Rural,Farm Words,[none],,,
out-yak,,verb,,out-talk,[none],,,[none],,[none],,,
outback,2,adverb,,?separable constr.: also WAY OUT BACK,,,,[none],,[none],,,
outback,2,adverb,,,,,,[none],,[none],,,
outback,,adjective,,"remote, isolated",[none],,,[none],,[none],,,
outback,1,noun,,,,,,[none],,[none],,,
outback,1,noun,,,,,,[none],,[none],,,(cf also uses in av)
outback,1,noun,2,,,,,[none],,[none],,,
outback,1,noun,3,a person from the OUTBACK,,,,[none],,[none],,,
outback,,noun,1,[of property] isolated.,[none],,,Rural,Farm Words,[none],,,
outback,,noun,,[of large stations] furthest from the main station buildings.,[none],,,Rural,Farm Words,[none],,,
outclip,,verb,1,[ sheep] to produce a fuller fleece at shearing time.,[none],,,Rural,Farm Words,[none],,,
outcrop,,noun,,,,,,[none],,[none],,,
outer,,noun,,an out-bettor,[none],,,[none],,[none],,,(cf OUT adj; cp INNER)
outer,,noun,,the outside (of prison) -->the outside,[none],,,[none],,[none],,,
outer,,noun,,"a betting place in the open, near a racecourse",[none],,,[none],,[none],,,
outer,,noun,,a bender or binge,[none],,,[none],,[none],,,
outer,,noun,,a minor wound (cf WWI Blighty),[none],,,[none],,[none],,,
outer fence,,noun,1,boundary fence or ring-fence.,[none],,,Rural,Farm Words,[none],,,
Outer Roa,,noun,,??,[none],,,[none],,[none],,,
outfit,,noun,1,"[sp. use] harvesting train consisting of traction engine, flat-top trolley, cutter, galley and the travelling hut.",[none],,,Rural,Farm Words,[none],,,
outfit,2,noun,,"shop, etc.",,,,[none],,[none],,,
outfit,,noun,,short for puncture repair outfit,[none],,,[none],,[none],,,
outfit,1,noun,,,,,,[none],,[none],,,
outgun,,verb,,,[none],,,[none],,[none],cf. gun n.,,(shearers')
outhouse,,noun,,,,,,[none],,[none],,,
outlander,,noun,,? social alien,,,,[none],,[none],,,
outlaw,,noun,,a recalcitrant sheep,[none],,,[none],,[none],,,(farmers')
outlaw,,noun,2,motorcycle gang member,[none],,,[none],,[none],,,[Is this form a specific gang name.]
outlaw,,noun,1,a horse with a tendency to buck or pigjump.,[none],,,Rural,Farm Words,[none],,,
outlaw,,noun,,a difficult horse to break in or catch.,[none],,,Rural,Farm Words,[none],,,
outlaw,,noun,,an animal that does not conform.,[none],,,Rural,Farm Words,[none],,,
outmate,,noun,,,,,,[none],,[none],,,
outport work,,noun,,,[none],,,[none],,[none],,,watersiders'
outrigger,,noun,,an electrified wire attached to a conventional fence; an electrified wire placed away from the main fence but attached to it,,,,[none],,[none],,,(farming)
outrigger,1,noun,,,[none],,,[none],,[none],,,
outrigger,,noun,1,"a wire construction beside or on top of a fence to prevent bulls, horses and other stock from reaching over or trampling the fence.",[none],,,Rural,Farm Words,[none],,,
outrun,,noun,1,a movement of a sheepdog when directed to move around a mob of sheep.,[none],,,Rural,Farm Words,[none],,,
outrun,,noun,,a part of a dog-trial event.,[none],,,Rural,Farm Words,[none],,,
outside,2,adverb,,"esp. GO OUTSIDE, to go outside the Sounds into the Strait; beyond the Entrance",,,,[none],,[none],,,ca1941 on the Tamahine `It's pretty rough outside. Go easy on the fizz.
outside beat,,noun,1,"the longest and most onerous mustering area, circumnavigating a block boundary.",[none],,,Rural,Farm Words,[none],,,
outside hole,,noun,,,[none],,,[none],,[none],,,(goldminers')
outside man,,noun,,,[none],,,[none],,[none],,,
outside man,,noun,1,a musterer with a long and onerous beat around the boundary of a block.,[none],,,Rural,Farm Words,[none],,,
outski,,adverb,,an extension of out,[none],informal,,[none],,[none],,,
outyard,,noun,1,a stock yard away from the main station or woolshed [often at an outstation.],[none],,,Rural,Farm Words,[none],,,
oven,,noun,,"as abbrev. of MAORI etc. OVEN =HANGI, =UMU",[none],,,[none],,[none],"also earth, Maori, native oven",,
oven,2,noun,,,,,,[none],,[none],,,1981 Feb Avondale College (Auckland) Slang Words in Use (Goldie Brown Collection) bun in the oven: expecting a baby
oven,3,noun,,pregnant,,,,[none],,[none],,,
over,,adverb,,,[none],,,[none],,[none],-,,also Chathams and Stewart Isds usage
over,,verb,,= winter over,[none],,,[none],,[none],,,"As in ""he overed with the winter party"" - heard in a radio documentary on Antarctica in Spectrum;"
over the (shearing) board,,phrase,,"across the shearing board [used with reference to the shearing of sheep, or the use of the shearing board to crutch or to examine sheep].",[none],,,Rural,Farm Words,[none],,,
over the fence,,phrase,,"over the top, unreasonable.",[none],,,[none],,[none],,,cf. 1984 14 F E131 Wgton Girls C. 7 OFF THE FENCE [something not good]
over the hill,,phrase,2,"to Christchurch over the Port Hills from Lyttelton, and vice versa.",[none],,,[none],,[none],,,
over the hill,,noun,1,to or in Canterbury,[none],,,[none],,[none],,,West Coast use
over the hooks,,phrase,,,[none],,,[none],,[none],,,
over the platform,,phrase,1,to dip sheep using a plunge or pot dip.,[none],,,Rural,Farm Words,[none],,,
over the plimsoll,,phrase,,drunk,,,,[none],,[none],,,
over the range(s),,phrase,,,[none],,,[none],,[none],,,
over the shed,,phrase,,,,,,[none],,[none],shed,,
over the way,,phrase,,indicating a position nearby or over the road,[none],,,[none],,[none],,,
over there,,phrase,,,[none],,,[none],,[none],,,"cf. Mainland, other side"
over-driving,,noun,1,droving sheep for too long at one time.,[none],,,Rural,Farm Words,[none],,,
over-eyed,,adjective,,[of a sheepdog] too strongly eyed [so that many sheep become transfixed by his/her gaze.],[none],,,Rural,Farm Words,[none],,,
over-prime,,adjective,1,[of farm stock] carrying too much fat.,[none],,,Rural,Farm Words,[none],,,
over-run,,noun,1,"[used elsewhere, but recorded first in NZ] the increase in bulk when butterfat is made into butter.",[none],,,Rural,Farm Words,[none],,,
over-rushed,,adjective,,,,,,[none],,[none],,,
over-trous,,noun,,overtrousers,,,,[none],,[none],,,
overbridge,,noun,,overpass (see HNZD 746),,,,[none],,[none],,,(So C.C. Ransom)
overburden,,noun,,,,,,[none],,[none],,,
overcoat,,noun,,(usually Rubber overcoat) a French Letter,,,,[none],,[none],,,ca 1949
overcondition,,noun,1,overfatness in animals.,[none],,,Rural,Farm Words,[none],,,
overcook,,verb,,overestimate,,,,[none],,[none],,,
overcut,,verb,,,[none],,,[none],,[none],,,
overdrill,,verb,1,to surface sow seed over existing ground cover.,[none],,,Rural,Farm Words,[none],,,
overdrilling,,noun,1,the surface sowing of seed over exisiting ground cover.,[none],,,Rural,Farm Words,[none],,,
overdrive,,verb,1,[droving] to push stock too hard and fast.,[none],,,Rural,Farm Words,[none],,,
overfat,,adjective,1,[of animals for slaughter] overweight or overprimed.,[none],,,Rural,Farm Words,[none],,,
overfat,,noun,,"an overweight animal, usually for slaughter.",[none],,,Rural,Farm Words,[none],,,
overgraze,,verb,1,to allow stock to remain too long on a crop or pasture or to place too many stock in one area.,[none],,,Rural,Farm Words,[none],,,
overgrown,,adjective,,fleece wool which is more than 12 months wool growth; If very long = DOUBLE FLEECE,,,,[none],,[none],,,(woolgrowers')
overhand stoping,,noun,,,[none],,,[none],,[none],,,
overhang,,adjective,,,,,,[none],,[none],,,
overhang,2,noun,,"of a building, a room built above a garage",,,,[none],,[none],,,
overhang,1,noun,,electoral situation,[none],,,[none],,[none],,,
overhang,,noun,1,"a shelter rock in a mountain area under which musterers, hunters and stock can camp.",[none],,,Rural,Farm Words,[none],rock camp,,
overhang,,noun,3,,,,,[none],,[none],,,
overhang,,noun,,,[none],,,[none],,[none],,,Internet search Feb 2006: 1 citation found in Austral.
overhead,,noun,1,a long shaft in a shearing shed from which shearing machines are suspended and driven.,[none],,,Rural,Farm Words,[none],,,
overhead,,verb,,[dog trial heading dog] to run too far around the back of a mob of sheep.,[none],,,Rural,Farm Words,[none],,,
overheads,,noun,,,,,,[none],,[none],,,
overhunting,,noun,1,[dog trial huntaway dog] placing too much pressure on sheep too soon in a run.,[none],,,Rural,Farm Words,[none],,,
overing,,noun,,= wintering over,[none],,,[none],,[none],,,Heard on Spectrum 1/3/1999 re Antarctica
overland,,adverb,,spec meaning distinguishing land or cross-country travel from sea transport and travel in early NZ,,,,[none],Farm Words,[none],,,
overland,,adjective,,,[none],,,[none],,[none],also overland mail,,
overland,,verb,,,[none],,,[none],,[none],,,mainly or only Australian
overland,,verb,1,[sp. use] to drive stock long distances over land.,[none],,,Rural,Farm Words,[none],,,
overland mail,,noun,,"as distinct from sea-mail (?explained in Nelson Examiner ? in McLean Papers: frequent in early journals etc, e.g. McLean Papers) abbrev. o.m.",[none],,,[none],,[none],,,
overlander,,noun,,,[none],,,[none],,[none],,,type of bag
overlander,,noun,,one who drives stock a long distance,,,,[none],,[none],,,(occas. early Canterbury)
overlander,,noun,,,[none],,,[none],,[none],,,
overlander,,noun,1,a drover or stockowner who drives sheep long distances over land rather than by road.,[none],,,Rural,Farm Words,[none],,,
overlander,,noun,,sheep with a matted fleece.,[none],,,Rural,Farm Words,[none],,,
Overlander,,noun,,the daytime passenger train between Wellington and Auckland,[none],,,[none],,[none],,,
overnoised,,adjective,,[of huntaway sheepdogs] noisy to the extreme.,[none],,,Rural,Farm Words,[none],,,
overpubbed,,adjective,,,,,,[none],,[none],,,
overrun a head,,phrase,,[sheepdogs] to make too long an arc when heading sheep.,[none],,,Rural,Farm Words,[none],,,
overs,,noun,,-,[none],,,[none],,[none],,,
oversale,,noun,,,,,,[none],,[none],,,(building and architects')
oversea,,adjective,,,,,,[none],,[none],,,
oversea,,adverb,2,,,,,[none],,[none],,,
overseas,,adjective,,,,,,[none],,[none],,,
overseas experience,,noun,,,[none],,,[none],,[none],also OE,,
overseas man,,noun,1,a long-distance drover.,[none],,,Rural,Farm Words,[none],,,
Overseasia,,noun,,,,,,[none],,[none],,,
overseer,,noun,,a station-manager,,,,[none],,[none],,,"(hist, station)"
overseership,,noun,,[non-rural] practice of the position of workplace overseer,[none],,,[none],,[none],overseership; farm or station,,
overseership,,noun,,Farm or station; practice of the position of overseer,[none],,,[none],,[none],overseership [non-rural],,
overskirting,,noun,1,the excess removing of britch and peripheral wool from a fleece.,[none],,,Rural,Farm Words,[none],,,
oversowing,,noun,1,"the sowing of seed on land that already carries some growth, eg scrub, in order to protect seed.",[none],,,Rural,Farm Words,[none],,,
oversown country,,noun,1,hill country native tussock land surface sown with exotic grasses.,[none],,,Rural,Farm Words,[none],,,
overstay,,noun,,,,,,[none],,[none],,,WWI
overstay,,verb,,,,,,[none],,[none],,,
overstay,,verb,,-,[none],,,[none],,[none],,,
overstayer,,noun,,a visitor who has not left New Zealand by the date required by a visa etc.,,,,[none],,[none],,,"1981 Feb Avondale College (Auckland) Slang Words in Use (Goldie Brown Collection) overstayer. Bruce Rampton (Rampton Crighton & Co, Box 17-364, Wellington) wrote on 21/9/1999 that the word was still in use and sent a copy of part of a statement of claim filed in the court ""...The family was informed by the New Zealand Immigration Service on or about 30 July 1997 that they must leave New Zealand immediately on the grounds that they were illegal overstayers in New Zealand."""
overstayer,,noun,2,as a clothing label,[none],,,[none],,[none],,,
overstayer,,noun,3,,,,,[none],,[none],,,
overstaying,,noun,,,[none],,,[none],,[none],,,
overstock,,verb,,to run more stock than land can supportalso OVERSTOCKING,,,,[none],,[none],,,
overweight,,noun,1,[sp. use] a fat/prime lamb weighing more than 36 lbs.,[none],,,Rural,Farm Words,[none],,,
overwind,,noun,,,,,,[none],,[none],,,
overwinterer,,noun,,someone who spends the winter in the Antarctic,,,,[none],,[none],,,
overwintering,,adjective,,spending the winter in Antarctica,[none],,,[none],,[none],,,
ovine king,,noun,1,a leading breed of sheep.,[none],,,Rural,Farm Words,[none],,,
owl,,noun,2,owl + modifier,[none],,,[none],,[none],,,
owl,1,noun,,"owl, morepork. =ruru [so 1957/151]",,,,[none],,[none],,,
owl,,noun,,"morepork or whekauOwl, n. an English bird name. In New Zealand, the species are - Laughing Jackass, or L. Owl, Sceloglaux albifacies, Kaup (Maori name, Whekau, q.v.), and the Morepork, formerly Athene novae-zelandiae, Gray, now Spiloglaux novae-zelandiae, Kaup. (See Morepork).",,,,[none],,[none],,,
owl parrot,,noun,,an old name for the kakapo.,[none],,,[none],,[none],,,aka kakapo
owl's-foot moss,,noun,,"Lycopodium volubile, aka waewaekoukou",[none],,,[none],,[none],,,
owlet moth,,noun,,,[none],,,[none],,[none],,,
own-your-own,,noun,,,[none],,,[none],,[none],,,"Jim Cameron writes: The DNZE definition is not precisely accurate, in that the occupier may not be able to hold the freehold; the basic title may be leasehold, or the apartment may be occupied under a company lease system. These would nonetheless normally be referred to as OYO properties."
ox tongue,,noun,,,[none],,,[none],,[none],,,
ox-eye,,noun,,,,,,[none],,[none],,,n. pl.
oxalis,,noun,,,,,,[none],,[none],,,
oxalis,,noun,2,,,,,[none],,[none],,,
oxalis,,noun,2,<i>Oxalis corniculata </i>,,,,[none],,[none],,,
oxalis,1,noun,,"=WOOD SORREL, =YELLOW SOUR WEED, =YELLOW WOOD SORREL",[none],,,[none],,[none],"oca, yam",,
oxalis,,noun,2,,,,,[none],,[none],,,
oxalis,,noun,2,<i>Oxalis hirta</i>,,,,[none],,[none],,,
oxalis,,noun,2,<i>Oxalis corniculata </i>,[none],,,[none],,[none],,,
oxalis,,noun,2,<i>oxalis incarnata</i>,,,,[none],,[none],,,
oxalis,,noun,2,,,,,[none],,[none],,,
oxalis,,noun,2,<i>Oxalis purpurea</i>,,,,[none],,[none],,,
oxalis,,noun,2,<i>Oxalis stricta</i>,,,,[none],,[none],,,
oxalis,,noun,2,<i>Oxalis magellanica </i>,,,,[none],,[none],,,
Oxford scholar,,noun,,five-shilling (piece or sum); dollar,[none],,,[none],,[none],,,rhyming slang
oxidised country,,noun,,,[none],,,[none],,[none],,,
oxygen weed,,noun,,,,,,[none],,[none],,,
oxylobium,,noun,,,,,,[none],,[none],,,
OYO,,abbreviation,,own-your-own q.v.,[none],,,[none],,[none],,,
oyster,,noun,1,.,[none],,,[none],,[none],,,"see also Morris entry 1898 See AUCKLAND ROCK, BLUFF, DREDGE, FOVEAUX STRAIT, PACIFIC, STEWART, MUD"
oyster bird,,noun,,?oyster catcher,[none],,,[none],,[none],,,
oyster boat,,noun,,,[none],,,[none],,[none],,,
oyster borer,,noun,,,[none],,,[none],,[none],,,CC Ransom notes: Is this the DRILL or OYSTER DRILL (Urosalpinx sp) that bores holes in oysters: a marine snail? There are a number of snails that attack molluscs but U. cinerea is said to be the oyster-specialist.
oyster bottle,,noun,,,[none],,,[none],,[none],,,
oyster cart,,noun,,,[none],,,[none],,[none],,,
oyster eater,,noun,,,[none],,,[none],,[none],,,
oyster,,noun,2,,,,,[none],,[none],,,
oyster flat,,noun,,,[none],,,[none],,[none],,,
oyster opener,,noun,,factory hand who opens oysters,[none],,,[none],,[none],oysterman,,
oyster plant,,noun,,,[none],,,[none],,[none],,,
oyster saloon,,noun,,,[none],,,[none],,[none],,,
oystercatcher,,noun,,"<i>Haemotopus</i> spp. =SEA PIE, also called redbill, torea black or black and white wader of seashores and estuaries, having a long orange bill with which it picks out small molluscs and worms. spg also <i>oyster(-)catcher </i>",,,,[none],,[none],,,
oystercatcher,,noun,2,<i>Haemotopus reischeki </i>,,,,[none],,[none],also torea,,
oystering,,noun,,,[none],,,[none],,[none],,,
oysterman,,noun,,,[none],,,[none],,[none],,,
oysterman,,noun,,crewman on oyster dredge boat,,,,[none],,[none],oyster opener,,
oysterpicker,,noun,,South Island (?) name for oystercatcher,,,,[none],,[none],,,
oysters,,noun,,in fig. and transf. use - (usually pl.) (freezing works) sweetbreads,[none],,,[none],,[none],,,(freezing workers')
oysters,,noun,,(usually pl.) (children's) opaque brown and grey marbles,[none],,,[none],,[none],also smokies,,also smokies ca early 1950's Naenae Wellington
oysters on bugnets,,noun,,,[none],,,[none],,[none],,,
Oz,,adjective,,Australian,[none],,,[none],,[none],,,
Oz,,noun,,Australia,[none],,,[none],,[none],,,
Oz-bashing,,noun,,,[none],,,[none],,[none],,,
Ozlit,,noun,,Australian literature,[none],,,[none],,[none],,,
Ozzification,,noun,,,,,,[none],,[none],,,
