Head Word,Date,Source,Author,Vol / Page,Edition,Quote,Notes
Z,1968,"Pagan Game, The",SLATTER,85,,"There was [postal]
work [in the 1960s],
hard satisfying
work. Unloading
parcel bags, huge
cumbersome
containers nicknamed
pre-fabs, from a
three-door Z. There
was slots, there was
lumps, there was
packing fragies in
bottlos, there was
the tying down of
the north line for a
clearance, the
scissors, lead seals
and squeezers. The
sorters on call-back
flicking circulars
with precision. The
volcanoes of letters
on the facing-up
table, the checker
chanting the reds
onto the lorry, the
checker calling the
overseas in, London
45 ... The queue of
men working at the
parcel depot or the
postal siding ...
Tieing down the
cargon. ... The
sorters' school at
the posties' pub
known colloquially
as Box 44 or the
B.B.C., the Back Bar
of the Cecil. The
cheerful abuse of
cobbers",
Z class,1944,Little Ships: NZ's Yachting Fleet,CARTER,127,,"Next to the X class.
is the Z class,
orwhat are often
referred to as
theCornwall Cup
boats. They owe
theirexistence to a
small band of
Takapunayachtsmen
who planned the
first boat,with much
the same idea in
their minds asdid
George Honour when
he built the firstof
the 14-foot square
bilge boats,namely,
low first cost, ease
ofconstruction, and
an ever-watchful eye
onspeed and
performance under
Aucklandharbour
weather conditions.
The yachtswere
originally designed
for the
TakapunaBoating Club
but owing to
theirpopularity from
the outset the type
wasquickly adopted
by many other yacht
clubsthroughout New
Zealand... From
smallbeginnings the
Takapuna one-design
classrapidly
expanded.",
Z class,1966,Yachting the NZ Way,DYSON,153,,"Wherever there is a
creek or a beach
inNew Zealand you
find a Z class. It
isprobably one of
the oldest
one-designclasses in
the world - it was
designed byMr Bob
Brown for the
Takapuna BoatingClub
in 1922.",
Z class,1978,Little Ships of NZ,TITCHENER,64,,"A good example.. was
the design of
thefamous but
ill-fated Z-class,
whichbecame known as
the Takapuna
classthroughout New
Zealand.","[Specifications - 3.8 m yacht, designedby R B Brown of Northcote. 1.5m beam,msquare chine vee-bottom principle. Thewhole of the sailing area carried on agunter mainsail, on a short mast forward,no bowsprit or headsail]"
Z class,1989,Kohimarama,DAVIS,113,,"The Z class, or
""Zeddie"" as it
wasaffectionately
known, was another
classwhich was
designed as a low
cost sailingboat to
get the boys into
something saferthan
the tin canoes or
derelict dinghiesin
which they cruised
Shoal Bay. Ibid.114
The Takapuna Boating
Club which wasthen
situated at
Bayswater, was
thesponsoring club
and the yachts were
oftenreferred to as
the ""Takapuna
Class"".",
Z-code,Jul 1983,Metro,,25: 81,,"Alert has a Z-code
system for drivers
and phone room
staff. In theory it
saves time on the
airwaves -- in
practice many of the
old time drivers are
sceptical of
speaking in z's.
Sample
`conversation'
between driver and
base: `Car on the
Oxford.' `One
eight.' `It's a z 10
one-eight. Collect
12 z 4's for the TAB
in `K Road.'
Translation: The
despatch has asked
driver
one-eightparked on
the Oxford rank to
do a job for which
there is an order
number. He's to
collect 12 parcels
from the Central
Post Office and take
them to the
Totalisator Agency
Board Karangahape
Road! (Strict
translation of z 4
is `non passenger').
There is also a
special z code
number meaning
`possible attack on
driver' - if a
driver radios to
base that `this
looks like a z' -
everyone hears is on
the alert.",
za,"Oct 15, 1998",City Voice,,19,,"Za (pizza) and java
(coffee) are the
fastest of fast
food.",
zack,1964,Watersiders,DAVIS,93,,Give us the zack.,
zack,2001,Good Bastards: the larrikin's guide to success,,64,,"she had been very
concerned about my
earning this huge
money and not saving
a zac.",
zack,1941,NZ Slang,BAKER,62,,"...sixpence is
termed a zack,...",
zack,1946,New Zealand (various authors/titles),SOLJAK,115,,"Following are
examples of
colloquialisms
common to New
Zealand and
Australian English,
with their English
or American
equivalent ... zack:
sixpence",
zack,1949,Dictionary of Slang Addenda,PARTRIDGE,1229,,"Zack. Sixpence: New
Zealand and
Australian: since
ca. 1890. This
dictionary, 2nd ed.,
1938. Perhaps a
perversion of six;
but cf. Dutch
zaakje, `small
affair'.",
zack,1964,Watersiders,DAVIS,93,,"He held out his hand
to Whiskey Bill.
`Give us the zack.'",
zack,1968,NZ Contemp. Dict. Suppl. (Collins),,22,,".. n. (Sl.) sixpenny
coin; hence
(criminal slang)
sentence of six
months.",
zack,1968,NZ Contemp. Dict. Suppl. (Collins),,22,,"zack... n. (Sl.)
sixpenny coin; hence
(criminal slang)
sentence of six
months.",
zack,1966,"English Language in Aust. & NZ, The",TURNER,133,,"The word tray and
its variants for
`threepence' and
zack for `sixpence'
are said to be
common
Australianisms but
are not known to me
in New Zealand.",
zack,1944,Desert Daze,ST BRUNO,48,,"The day's
seven-and-a-zac's
worth for King and
Country.",
zack,1965,Power of Joy,HILLIARD,2950,,"`Must go for a jimmy
riddle', said the
dragonfly. `Man buys
it in here for a
zack a time ...'",
zack,1970,O'Leary's Orchard,DUGGAN,130,,"Obol and diobol, the
two in the one like
a symbol of
something. ... Two
zacs to the deener,
too. Nonsense.",`Riley's Handbook
zack,Oct 1977,NZ Numismatic Journal,,16,,"Our nearness to
Australia also
resulted in our
adoption of slang
words in use there.
Examples of these
include goldie for
sovereign, and
little goldie for a
half sovereign. A
colonial robert is
obviously a play on
the English slang
bob for a shilling.
(Colonial robert was
in use in New
Zealand before the
turn of the century,
and was also
recorded about the
time of the first
World War.) (Otago
Witness 24 Jan.
1912:32) Along with
the Australians, New
Zealanders used
zweideener for the
florin (zwei meaning
two), and zack for
sixpence.",
zack,1986,Speaking for Ourselves,OWEN & PERKINS,68,,"(Bob Edwards,
bushman) And when
everything was
sorted out, the Old
Man came out of that
contract without a
zak to show for it.
... at the end of
seven months'
bushwork we didn't
have a brass razoo.
<i>Ibid.,</i> 76 ...
winter [rabbit]
hides might bring in
as much as a zak
each; sixpence a
skin at that time
[early 1930s].",
zack,1988,"Dictionary of Kiwi Slang, A",McGILL,128,,"zack a sixpenny coin
c.1890, possibly
corruption of
`six'.NZA.",
zack,"Apr 14, 1954",NZ Truth,,12,,"This broad hint that
his ""zac's worth""has
yet a way to climb,
is takenaccording to
the humour of the
servingtapster.",
zack,"Sep 8, 1906",NZ Truth,,8,,"In fact, it would
have paid the crowd
on the hills better
(and the Athletic
Park Co.,
incidentally) if
they had forked out
their zacks and
watched the
fourth-class
football match
between St. Jimmies
and Brooklyn.",
zack,1986,Speaking for Ourselves,OWEN & PERKINS,68,,"The Old Man came out
of that contract
without a zak to
show for it.",
zack,1962,One Foot at the Pole,HENDERSON,35,,"Three of these and a
------ bird again,
but smaller with a
big beak, that's it,
sixpence or zac, I
think.",
zack,"Sep 8, 1906",NZ Truth,,8,,"In fact, it would
have paid the crowd
on the hills better
(and the Athletic
Park Co.,
incidentally) if
they had forked out
their zacks and
watched the
fourth-class
football match
between St. Jimmies
and Brooklyn.",
zack,"Sep 3, 1926",Ellesmere Guardian,,5,,"The struggling
toilers in the
slums/For winter
coughs and colds
assure,/They wisely
save in ""zacks"" and
""scrums""/For Woods'
Great Peppermint
Cure.",
zack,"Dec 4, 1930",NZ Truth,,14,,"THOSE who deem
themselves shrewd
will be saving the
""trays"" and ""zacs""
from the old plum
duff for one little
put-in at the
Christmas meeting in
Auckland.",
Zam-Buk,1984,Child of the Arrow,TRAIL,5,,"My first memories of
Bullendale are of
vast snows crowding
right up and over
the windows and
stretching onwards
and onwards over the
mountain peaks; of
chilblains carefully
dressed with Zambuck
and bandaged
sympathetically by
my parents each
bed-time; ...",1984 ed.
Zam-Buk,1949,"Money, Medicine and the Masses",BLANC,17,,"Lest there be any
argument as to what
constituted a patent
medicine the
[November 1904]
regulation named 156
preparations,
beginning with
Allenbury Pastilles
and ending with Zam
Buk.]",
Zam-Buk,1992,Fence Around the Cuckoo,PARK,67,,"My back was anointed
with Zambuk and
swathed in torn-up
old sheeting.",
Zam-Buk,"Aug 28, 1926",NZ Dairy Produce Exporter,,31,,"[Advt] Rub it In.
All the world knows
this famous Zam-buk
slogan.",
Zam-Buk,"Mar 9, 1922",Auckland Weekly News,,63,,"There's nothing else
soothes and heals so
speedily as Zam-Buk
when skin is cut,
burnt, scalded or
bruised.",
Zam-Buk,"Mar 28, 1913",Marlborough Express,,6,,"Zam-Buk heals up
cuts, burns and
scalds quickly and
cleanly.",
Zam-Buk,"Jun 11, 1903",Wanganui Chronicle,,2,,,"Zam-Buk is purely vegetable and will be found a certain cure for Cuts, Burns, Boils, Bruises, Running Sores, Piles, Eczema, Barcoo, Ringworm, Pimples, Blackheads, Rheumatism, Lumbago, Sciatica, Chapped and Cracked Hands, Chilblains, &c."
Zambuck,Dec 1916,Roll Call,,11,,"""Yes. That's one of
the New Zealanders.
Zambucks they calls
'em.""",
zambucker,"May 27, 1950",Radio NZ / National Radio,,,,"The Zambuckers, as
they call them, the
St John Ambulance
men, are out there.",Winston McCarthy First Rugby Test broadcast
zambuk,1950,Our Street,SUTTON-SMITH,50,,"Everybody would
shout, `Zambuk!
Zambuk!' until the
first-aid man came
to the rescue.",
zambuk,1959,"Gun in My Hand, A",SLATTER,80,,"Now comes a stoppage
as the referee blows
three urgent blasts
and the ambulance
men run for the
prone body on the
field. The [rugby
union] game is in a
serious state
because there is not
the usual fatuous
cry of zambuck from
some oaf in the
crowd who has never
known the shock and
pain of a football
injury ...",
zambuk,"Feb 27, 1918",Chronicles NZEF,,IV/38 : 39,,"Right here on the
Ewshott Front is the
place to take a
calm, placid view of
the situation, where
neither Bolshevists
nor Bolos dwell, and
the voice of the
""Zambuck"" is heard
loudly in the land.",
zambuk,"Jun 21, 1918",Chronicles NZEF,,IV/46 : 221,,"Believe ye.. That
the tenderfoot and
Zambuck, Working
madly in the
trenches, Comes a
""gutzer"" in those
trenches, And is
taught to take a
rumble.",
zambuk,"Jul 28, 2004",Dominion Post,,D4,,"...the only armbands
being worn are by
security officials
and zambuks.",
zambuk,"May 26, 1938",NZ Observer,,21,,"What do the Zambuks
carry in their cases
besides bandages?",
zambuk,1943,"English Language in Aust. & NZ, The",BENNETT,95,,"A few trade names
have caught the
public fancy, and
become generalised.
Thus Zambuk, a brand
of ointment, is
regularly used for
`first aid man'
(usually a member of
the St. John's
Ambulance Corps), or
even as an appeal
for first aid.",
zambuk,"Jul 28, 1968",Sunday Times (NZ),,15,,"Mr. Mann, bleeding
from the nose,
required attention
from a Zambuk before
continuing the game.",
zambuk,1968,"Pagan Game, The",SLATTER,172,,"Call on the zambucks
to cart him off [the
football field].",
zambuk,1973,Listen...!,McCARTHY,53,,"The `Zambuks' pulled
it back into place
and then bandaged it
....",
zambuk,1982,Collins Concise English Dictionary,,1375,,"zambuk n. N.Z. inf.
a first-aid
attendant at a
sports event. [<
name of a patent
medicine]",1986 NZPOD 896; 1985 Collins NZ Compact Dict. 557
zambuk,1988,"Dictionary of Kiwi Slang, A",McGILL,128,,"zambuck St John
ambulance officer;
from black and white
uniform likened to
the black and white
container of Zambuck
ointment. ANZ.",
zambuk,1978,"Dictionary of Kiwi Slang, A",,2:123,,"`Bet the bloody
Zambuks get a fright
when they see this
lot, eh?'",1975 Sheraton in 1978 Listener Short Stories Vol 2
zambuk,1981,Goldie Brown Collection,,,,"zambuk: originally
an ointment but now
a term to describe
the fellow who looks
after the First Aid
gear at a sports
match",Rangiora High School
zambuk,1983,Rugby Rabbits,HUTCHINS,62,,"Taking things a step
further, ... the
coach also
questioned Ralph
about the zambuck
incident of the
previous Saturday.",
zambuk,"Oct 21, 2001",Sunday Star Times,,B18,,"Andrew Sanders talks
to a zambuk on a
slippery slope and
loving it. Louise
Corcoran has leapt
the safety fence and
swapped the
conservative uniform
of a St John
Ambulance worker for
the lycra suit of a
skeleton racer.",
zambuk,"May 23, 1969",Listener (New Zealand Listener),,12,,"""Better leave it for
the zambucs,"" Payne
said.",
zambuk,Jun 1966,Arena,,23,,"Then the Zambuks ran
up with a stretcher.",
zambuk,1990,Out of the Frying Pan,CONEY,16,,"My uncle Bigsie,.
was a Zambuck.",
zambuk,2005,Blindsight,"Gee, Maurice",26,,"The Zambuck had
strapped his arm
above and below the
elbow.",
zambuk,"Jul 29, 2000",Listener (New Zealand Listener),,48,,"Amanda Stephens.. is
curious to know why
St John ambulance
people are called
""zambucks"". The term
was originally
applied to
volunteers who
attended sports
meetings and public
events, but it has
come to mean any St
John workers,
including those who
attend accidents. It
springs from the
decades-old
first-aid practice
of rubbing a product
called Zambuck Oil
onto the sore bits
of injured footie
players at matches.",
zambuk,1973,It's a Goal,McCARTHY,149,,"Murphy responded to
the
'Zambucks'treatment
and the game was
resumed with
apenalty kick to
Ireland.",
zambuk,1911,Rugby Football in Wellington & Wairarapa,McKENZIE,105,,"There was no Zambuk
or ambulance man in
those days.",
zambuk,"Jun 30, 1923",NZ Truth,,9,,"Another matter that
should be attended
to is the providing
of oilcoats and
rubber boots to the
ambulance men -
""Zambuks"" - and the
line umpires.",
zamzoid,1938,"Godwits Fly, The",HYDE,42,,"`Eliza, don't recite
while you're washing
up the dishes. Don't
leave those forks to
the last, they'll
get all cold and
zamzoid. How often
have I got to tell
you?'",1972 ed. ?Hyde's mother comes from Sth Africa
zamzoid,"Dec 21, 1985",Listener (New Zealand Listener),,102,,"Zamzoid. This word
was noted - believe
it or not - in what
has come to be
regarded as
something of a New
Zealand classic,
Robin Hyde's The
Godwits Fly. ...
Thereafter it was
easy. My English
Dialect Dictionary
swiftly produced an
adjective sam
meaning
`half-heated' (of
food) and an
adjective sammy
meaning `Soft,
clammy, sticky'. I
was clearly on the
right track for
those imperfectly
washed forks. A
further scan
produced (in various
phonetic spellings
samsawed,
samsawdered,
samzawed, sam-zawey)
a clutch of examples
of
past-participle/adjectival
forms all with the
sense of `lukewarm'
- used of food that
has been cooked and
then laid aside
until it has begun
to coagulate into a
sticky mess.",I.A.Gordon
zapper,"May 8, 1993",Dominion,,17,,"I have a recipe
called Lazy Lasagne
thatfools everybody
but is a doddle with
azapper.",
zarida,1817,New Zealand (various authors/titles),NICHOLAS,2/244,,"Pines of different
descriptions, and
which are utterly
unknown to
Europeans, are here
to be met with ...;
and those species
which bear the
uncouth names of the
cowrie, the totarra,
the towha, and the
zarida, afford such
a supply of valuable
timber as the
profusion of some
ages to come will
not be able to
exhaust.",
zark out,"May 6, 1990",Sunday Magazine (Auckland),,45,,"In Auckland
teen-speak of the
1960s, ""zarking out""
meant having a
rave-up.",
ZB,Oct 1949,Here & Now,,21,,"Lavish expenditure
on buildings for ZB
atrocities, compared
with ... draughty
church-halls where
mothers have to
consult Plunket
nurses.",
ZB,Jun 1951,Landfall,,5(2)June : 108,,"Waiting to hear her
ZB listener's
request.",
ZB,"May 22, 1947",NZ Woman's Weekly: The First 60 Years,,8,,"The ZB announcer..
is a mass of
witticisms.",
ZB Station,Sep 1951,Landfall,,6(3) Sep. : 225,,"Intellectuals..
should take care
that they are not
allying themselves
with Hollywood, the
ZB stations, the
gutter press and the
American-style
comics that our
children and jockeys
read.",
ZB Station,"Mar 10, 1954",NZ Truth,,25,,"For many months the
ZB stations
havepolluted the air
with the radio
serial""Member of
Mafia - his
watchwordviolence,
his motto murder,
his creedterror"".",
ZB Station,Feb 1938,NZ Railways Magazine,,55,,"[Advt] Important
Engagement by ZB
Stations.",
zeal,1966,"English Language in Aust. & NZ, The",TURNER,155,,"Some ... suggest the
word zeal [instead
of dollar for the
name of the unit of
decimal coinage],
but while it would
be good to give the
word zeal a meaning
more suited to our
way of life, the
NewZealander's
inability to
pronounce the
sequence /i:l/ ...
should be considered
...",
zeal,1988,"Dictionary of Kiwi Slang, A",McGILL,128,,"zeal suggestion for
the name of the
post-sterling New
Zealand currency,
stillborn in the
face of the almighty
1967 dollar.",
Zealand,"Jan 18, 1821",Letters,,,,"A party about
emigrating to New
Zealand begs most
respectfully to
solicit the
assistance of
Government in their
undertaking. I am
(with several who
have resided on the
island) convinced an
English colony would
soon become
flourishing and
happy ... One thing
I must beg Your
Lordship's most
serious attention to
- that is, the heavy
duty (1/- per foot)
on timber imported
into N.S. Wales from
Zealand",Robert Sugden to Earl of Bathurst in 1908 McNab Historical Records 1/516
Zealand,Aug 2000,NZWords,,4 : 1,,"<i>Zealand</i> alone
was an occasional
literary or casual
substitute for the
full name in earlier
times. It later gave
way to
<i>Zealandia</i>.",
Zealand,"Apr 17, 1773",Journal,BAYLY,,,"When they [Capt.
Cook's ship] came
near the Longd.
[sic] of Zealand
they hawled [sic] up
northerly went into
Dusky Bay ...",in 1908 McNab Historical Records 2/208
Zealand,1780,Elegy on Captain Cook,SEWARD,8,,"And now antarctic
Zealand's drear
domain/ Frowns ...",?shortened from New Zealand for reasons of metre
Zealand,1883,Castle Gay,FERGUSON,3,,"From Zealand's hoary
mountains to India's
burning plains...
<i>Ibid</i> 101 When
'neath the swagman's
weary load,/ ...
Zealand's rugged
hills I trod ...",
Zealander,"Apr 12, 1773",Journal,BAYLY,,,"The Zeelanders never
eat greens of any
kind, nor do they
seem to be the least
affected with
scurvey.
<i>Ibid.</i> April
17 2/208 With this
addition we
considered ourselves
a match for any
force the Zealanders
could bring; ...
<i>Ibid.</i> May 20
2/208 ... a large
double canoe ... in
which was 28 Indians
...",in 1908 McNab Historical Records 2/207
Zealander,"Feb 16, 1777",Log,EDGAR,,,"[Cook's Third
Voyage] 2/206 uses
new Zealanders and
Zealanders get cits
<i>Ibid.</i> 2/228
The new [sic]
Zealanders of
Charlotte Sound were
never so much
amongst us as at
this time, the
reason probably
because they found
more was to be got
and that we parted
with our goods on
easier terms, than
ever we had done
before, for our
folks were all so
eager after
Curiosities and
withall so much
better provided than
in any other Voyage
- that our traffic
with the Indians was
quite spoilt - A
Nail last Voyage
purchasing more than
an Ax or a Hatchet
now - before our
departure they
carried Hatchets
under their Cloaths
instead of Patows.
The Zealander often
appear'd to have a
great deal of
Friendship For Us -
speaking sometimes
in the most tender
compassionate tone
of Voice imaginable
- ...",Thomas Edgar's Log in 1908 McNab Historical Records
Zealander,1777,Log,BURNEY,,,"A Zealander stole
something out of the
boat ... The
Zealanders
immediately sallied
out of the woods.",James Burney Log in 1908 McNab Historical Records 2/197
Zealander,Feb 1777,Journal,,16,,"Belonging to the
Discovery there was
a youth, with whom a
young Zealander
girl, about fourteen
years of age, fell
desperately in love,
nor was he wholly
indifferent to this
engaging Brunett;
... But though our
sailor appeared
amiable in her eyes
in the habit of a
stranger he was
conscious that to
ornament his person
in the fashion of
New-Zealand would
still recommend him
more to his mistress
and the country he
was in; ...",1777 Feb in 1783 Ledyard Journal (1963)
Zealander,1780,Elegy on Captain Cook,,9,,"The Zealander had
hitherto subsisted
upon fish, and such
coarse vegetables as
their climate
produced; ...",
Zealander,1941,NZ Slang,BAKER,18,,"doubtless because of
this French
influence we find
the natives
frequently described
as Zealanders in
early documents.",
Zealandia,"Sep 19, 1883",Daily Telegraph,,4,,"ZEALANDIA BOOTS. -
Quality Guaranteed
at E. W. KNOWLES'
Boot Warehouse,
Hastings-street.",
Zealandia,"Jul 8, 1901",Ashburton Guardian,,2,,"WONDERFUL value for
little money at
MELLOR'S Zealandia
Boot Store.",
Zealandia,"Mar 19, 1915",Northern Advocate,,4,,"More ZEALANDIA
Milking Machines are
being installed than
any other.",
Zealandia,1918,"Digger Junior, The",,4,,"Zealandia leads the
Empire round / In
the Anglo-Saxon Team
/ And pulls her
limit pound for
pound / (Cash - kai
- and the fighting
stream).",
Zealandia,1874,Zealandia's Hope,WILLMER,,,"G. Willmer
Zealandia's Hope
[title of a
collection of poems]",
Zealandia,"Jul 8, 1876",Saturday Advertiser,,5,,"When the Day King
.../ With genial
ray, did greet
Zealandia's Isles,/
...",
Zealandia,1889,Rhymes and Rambles,MITCHELL,64,,"Thirteen knots I'm
sure she's doing,/
Soon we'll hail
Zealandia's shore./",
Zealandia,"Jun 10, 1891",Zealandia,,,,"Then hail Zealandia!
may she be/ The true
man's home - the
brave - the free:/
Her praise resound
from shore to
shore,/ God bless
our land for
evermore./",James Adams at a Welcome Home to Grey in Auckland in 1967 Bailey and Roth Shanties 102
Zealandia,1904,NZ Illustrated Magazine,,484,,"Now we beheld
Zealandia's bush!",
Zealandia,"Aug 25, 1906",NZ Truth,,62/5/2,,"Hats off! I say,
throughout
Zealandia, to the
right sort of
Justice that we
want!",
Zealandia,"Dec 24, 1910",NZ Truth,,287/1/3,,"It is reported from
across the Tasman
that when a sheep
was being shorn at a
station near
Penhurst, a
starling's nest with
one egg in it was
found in the wool.
To hold the belt,
Zealandia will
require to produce a
duck that has
hatched a sitting of
eggs in a collection
plate.",
Zealandia,"Jun 10, 1922",Quick March,,7,,"New Zealand - or
What? [title] As New
Zealand the world
knows us, for better
or for worse, and
the title will
stick, and good luck
to it! As for
Zealandia,
Maoriland, and the
like, we may safety
leave them to the
poets.",
Zealandia,Jan 1914,Here & Now,,14,,"And from Zealandia's
stormy seas/ Huge
whales are almost
absentees.",
Zealandia,1889,"Pirate Chief and the Mummy's Complaint..., The",SKEY,52,,"(`Zealandia Our
Home') Zealandia set
in ocean foam,/
Zealandia our home.",
Zealandia,1889,Zealandia,,,,"Zealandia / A
Monthly Magazine of
New Zealand
Literature by New
Zealand Authors",
Zealandia,Aug 2000,NZWords,,4 : 1,,"The name <i>New
Zealand</i>.. later
gave way to
<i>Zealandia</i> (on
the model of
<i>Britannia</i>, a
suitably elevated
term for the
purposes of some
colonial poets and
others, and it is
not entirely defunct
even today.",
Zealandia,1906,Some Ups and Downs in NZ&A,PICARD,47,,"Farewell -
Zealandia!",
Zealandia,"Jul 2, 1994",Listener (New Zealand Listener),,53,,"Zealandia was our
version of
Britannia, a popular
romantic image in
New Zealand around
the turn of the
century that
appeared on postage
stamps and in
nationalistic poems.
These days she's
limited to holding
up one side of the
flag in the New
Zealand coat of
arms.",
Zealandia,"Sep 16, 1890",Otago Witness,,43,,"Advt.] Zealandia
Knife Polish...
Zealandia Sheep Dip.
The Cheapest,
Safest, and Most
Popular.",
Zealandia,"May 1, 1915",Stratford Evening Post,,5,,"[Hdg] Zealandia
Weeps",
Zealandian,1889,"Pirate Chief and the Mummy's Complaint..., The",SKEY,,,"The Pirate Chief and
the MUMMY'S
COMPLAINT with
various ZEALANDIAN
POEMS by WILLIAM
SKEY [title]",
Zealandian,"Jun 24, 1868",Daily Southern Cross,,5,,"He ceased his song,
and now no more
among the woods is
heard/The
nightly-hooted
cadence of this old
Zealandian bird ...",
Zealandian,"Feb 15, 1878","Star, The",,3,,"I wish the
Zealandian people
would heed these
words of mine.",
Zealandian,"Mar 30, 1897",Mataura Ensign,,2,,"I wish the
Zealandian people
would heed these
words of mine.",
Zealandian,"Mar 30, 1897",Mataura Ensign,,2,,"At present he is
bubbling over with
humptiousness and
assertive egotism,
and nothing short of
the discovery while
at Home that a mere
colonial Premier,
when included among
a brilliant throng
of the world's
foremost thinkers,
speakers, and men of
action, is
particularly small
potatoes, will
convince him that he
is not the dog which
wags the Zealandian
tail, but is instead
the tail which is
wagged by the
Zealandian dog.",
Zealandian,"Feb 17, 1900",Evening Post,,2,,"Miss Celia Dampier's
many friends and
admirers in New
Zealand will be
interested to hear
and pleased to learn
that the first
concert given by the
gifted young
Zealandian
violiniste proved
very successful
financially, as well
as musically.",
Zebo,"Sep 19, 1931",Dominion,,23,,"[Advt] Quickness
Zebo Stove Polish
[with illustration
of a Zebra].",
Zebo,"Oct 6, 1937",NZ Truth,,3,,"[Advt] All you do is
shake a little Zebo
on a cloth or brush,
apply to the stove
or grate, give a
brisk polish, and
it's done.",
Zebra,1987,Swagger on Our Doorstep,HARTLEY,41,,"All the surfaces of
the stove were
blackened with Zebra
and then polished
with a special
brush.",
Zebra,"Dec 30, 1899",NZ Times,,2,,"[Advt] Reckitt's
Blue Bag. Zebra
GratePolish.",
zebra bird,"Oct 7, 1898",Clutha Leader,,6,,"As an evidence of an
early and milk
spring we heard on
Sunday last (25th)
the cry of the zebra
bird or smaller
cuckoo.",
zebra bird,"Nov 11, 1939",Evening Post,,9,,"In some parts of New
Zealand it is known
as the whistler,
summer bird, zebra
bird, or by its
Maori name of
pipiwharauroa.",
Zeddie,1952,Sea Spray,,VII(7)/17,,"Did someone say
Zeddies have
watertight
bulkheads?",
Zeddie,1989,Kohimarama,DAVIS,113,,"The Z class, or
""Zeddie"" as it
wasaffectionately
known, was another
classwhich was
designed as a low
cost sailingboat to
get the boys into
something saferthan
the tin canoes or
derelict dinghiesin
which they cruised
Shoal Bay. Ibid.114
The Takapuna Boating
Club which wasthen
situated at
Bayswater, was
thesponsoring club
and the yachts were
oftenreferred to as
the ""Takapuna
Class"".",
Zeddie,1971,Century of Sail,HOLMES,Dustjacket,,"Noel Holmes,
Auckland journalist,
beganhis yachting
conventionally in
Zeddies.",
Zelanian,1891,Century Dictionary (New York),,,,"a. [Zelania(Nova
Zelania, New
Zealand) + -an.] In
zoo[dieresis]geog.,
of or pertaining to
NewZealand: more
fully Novo-Zelanian.
See New Zealand
subregion, under
subregion. subregion
... n. A subdivision
of a region; in
zoogeog., a faunal;
area subordinate in
extent to onecalled
a region. - Guinean,
Mediterranean, ...
subregion. ... New
Zealand subregion, a
divsion of the great
Australian region,
probably more
isolated, both in
time and in space,
than any other
faunal area of the
globe. It consists
of the three large
islands of New
Zealand, with
numerous satellites.
The fauna is
remarkable in the
almost entire
absence of
indigenous mammals,
andthe presence of
many peculiar avian
and reptilian types,
some of which, like
the moas, are
recently extinct,
and others of which
seem doomed to
extinction in the
near future. ...","the above entries correspond exactly to those in the 1904 New York/London Times edition: check that they really are 1891: this has relevance to Morris's `?first' use] Zelanian ze[under-dotted +macron]-la[macron][acute]ni-an),"
Zelanian,1898,Austral English,MORRIS,525,,"Zelanian, a
scientific term,
meaning `pertaining
to New Zealand',
from Zelania, a
Latinised form of
Zealand.",
Zelanian,1907,Funk & Wagnall's Standard Dictionary,,,,"
Ze-la[acute]-ni-an,[gives
pron as ayn or ahn
on main syll] a.
Zoogeog. Of or
pertaining to New
Zealand, in the
Pacific ocean.
[<Nova Zelania,
Latin for New
Zealand.]",
Zelanian,1934,Webster's New International Dictionary,,,,"Ze-la[acute]ni-an
... adj. Of or
pertaining to New
Zealand.",Second edition) [omitted from Third
Zelanian Ensemble,Nov 1989,Ephemera,,,,"The Zelanian
Ensemble has become
an integral part of
the New Zealand
music world with its
dynamic and
entertaining
programmes. Formed
initially to perform
the repertoire for
unusual combinations
of instruments and
to commission and
perform works by New
Zealand composers,
the group has
received much
acclaim both in New
Zealand and in North
America where it
toured in 1987 ...",November Advertising flier for the Ensemble Zelanian Ensemble
zephyrs,1905,'Ukneadit'. Home for Incurables Bazaar,BRANDON,36,,"ZEPHYRS ... Cream
... Milk ...
Gelatine ...
Parmesan Cheese ...
Aspic Jelly, Salt
... Warm ... pour
into small moulds,
and let it set ...
garnish ... with
aspic cut in dice.",
zeronui,1995,Grasslands Range of Forage and Conservation Plants,,16,,"ZeroNui - an
endophyte-free
Grasslands Nui.
Suitable for areas
where ryegrass
staggers is a
problem.",
Zespri,"Aug 27, 1999",Dominion,,Farming Advertising Feature: 2,,"The outlook for
Zespri - New Zealand
kiwifruit - is
positive this
season, Zespri
International
reports.",
Zespri,"Oct 21, 2001",Sunday Star Times,,D2,,"She would feed him
grapes and zespri
and whisper of how
she bumped Robyn
Reynolds off as his
number one fan.",
Zespri,"Aug 18, 1996",Sunday Mirror Magazine (London),,27,,"Question: when is a
kiwi fruit not a
kiwi fruit, yet a
kiwi fruit all the
same? Answer: when
the New Zealand Kiwi
Fruit Marketing
Board changes its
name to a Zespri.
The reason for the
change is simple :
they forgot to
patent the name kiwi
when they started
exporting them in
the Sixties.",
Zespri,"Sep 13, 1996",Independent (Auckland),,24,,"I've heard some
say.. boxes of
rotten Zespri
(Chinese
gooseberries to my
generation),
tomatoes, eggs and
yoghurt [should be]
provided for the
kids of all ages to
throw.",
Zespri,"Sep 7, 1996",Listener (New Zealand Listener),,,13,"The name zespri has
been coined solely
because the name
kiwifruit was stolen
from us.",
Zespri gold,"Aug 27, 1999",Dominion,,Farming Advertising Feature : 2,,"The future of Zespri
Gold kiwifruit, the
new golden fleshed
kiwifruit, is also
bright .",
Zespri gold,"Dec 13, 2005",Whakatane Beacon,,p6,,"Returns for Zespri
gold are down 10 per
cent on last year
and are forecast at
$5 a tray.",
Zespri gold,"Nov 30, 1998",Dominion,,17,,"Zespri gold is the
new marketing name
for yellow
kiwifruit.",
Zespri gold,"Feb 26, 2000",Evening Post,,17,,"Orchardists were
paid about $13.60 a
tray for zespri gold
last year - twice
the amount they made
on haywards.",see also Hayward kiwifruit
Zespri gold,"Sep 21, 2003",Sunday Star Times,,D16,,"Kiwifruit growers
are also eyeing
Northland as the
place to expand
Zespri gold.",
Zespri green,"Dec 13, 2005",Whakatane Beacon,,p6,,"For kiwifruit, the
bank said the
forecast average
orchard gate returns
of $3.43 a tray for
Zespri green from
the 2005 harvest
will barely cover
orchard costs.",
zibib,"Dec 27, 1943",NZEF Times,,III/131 : 11,,"Zibib has left us on
pavements asleep.",
zibib,1944,Desert Daze,ST BRUNO,5,,"His call for Zibib
in furtive Wog
cafes, in the Wagh
el Berka.",
zibib,1952,High Country Journey,NEWTON,40,,"...I had drunk
`Zibib' and
`Rooster's Blood'
with their brother
George in the Middle
East and this seemed
introduction enough.",
ziff,1968,NZ Contemp. Dict. Suppl. (Collins),,22,,"ziff ... n. (Sl.) a
beard. ?cf WF
scrounge (1) + (2)
since c 1940",
ziff,"Apr 19, 1971",Listener (New Zealand Listener),,56,,"Well, they called
out to see if he'd
like a cuppa. Old
Pete's a real
scrounger, a bit of
a dag. So up he goes
and finds he knows
one of them, the one
with the ziff, a
bloke they call
Slalom Sam.",
ziff,"Jul 15, 1926",NZ Truth,,4,,"He is one of the
most popular 'old
young men' in
Pahiatua, and
although one of the
city greybeards he
doesn't sport a
ziff.",
ziff,"Sep 22, 1923",Evening Post,,20,,"I intended to hand
it to you as you
came along the ramp,
only a clumsy fellow
with a black ziff
sitting next to me
flung his arms about
so much when he
laughed at Charles
Austin that he
knocked it off the
stalk and spoilt it.",
ziff,"Mar 5, 1934",Evening Post,,8,,"Avoid quips about
the foliage - the
ziff, I mean - and
any too drastic
criticism of the
persona grata
generally ...",
Zig-Zag,2001,Stonedogs,,93,,"Packets of blue and
yellow ZigZag, old
and new, many
hopelessly glued by
moisture, strewn
through the drawer
like a leprechaun
bog-roll.",
Zig-Zag,2001,Stonedogs,MARRINER,93,,"Packets of blue and
yellow ZigZag, old
and new, many
hopelessly glued by
moisture, strewn
through the drawer
like leprechaun
bog-roll.",
Zig-Zag,2000,Kokopu Dreams,BAKER,75,,"He carried on,
pocketed a packet of
Park Drive, Zig-Zags
and a lighter...",
Zig-Zag,"Jul 11, 1992",Listener (New Zealand Listener),,52,,"He would pull
tobacco out of his
Kauri tin, and
papers from his
Zigzag packet and
roll a smoke with
one hand as he drove
the milk van ...
down the road to
Paroa.",Original in Hansen: My Father & Me
zigzag,1998,Three Sheep and a Dog,GORDON,8,,".. forcing the dog
to change direction
on two separate
occasions, which is
why it's called the
zigzag.",
zigzag,2000,High Times in the High Country,KERR,136,,"The Zigzag uses
three sets of two
poles to represent
such obstacles and
the dog must hunt
the sheep left, then
right, then left
through them.",
zigzag,2000,High Times in the High Country,KERR,137,,".. the dream of
getting that silver
tray that says they
won first prize in
the Zigzag at
Opotoki in 2008.",
zigzag,"Apr 6, 2000",Taranaki Daily News,,18,,"Mita and Jensen had
the best of the
sheep in the zigzag,
with Whitehead and
Rogue second ...",
zigzag clover,1969,Standard Common Names for Weeds,,14,,"<i>clover, zigzag
[s] Trifolium medium
</i>L. <i>Ibid.</i>
89 <i>zigzag clover
[s] Trifolium medium
</i>L.",
zigzag plant,"Dec 11, 2002",Capital Times,,4,,"The zigzag plant has
eluded conservation
workers for more
than a decade but
one long ranger's
persistence paid off
and a botanic
treasure has been
uncovered. Believed
to have died of old
age,
<i>Muehlenbeckia
astonii</i>, a rare
shrubby tororaro,
was found.. on the
rugged coast between
Fitzroy Bay and Cape
Turakirae at Baring
Head... The plant is
recognisable because
of its lime-green
heart-shaped leaves
and tangled zigzag
branches.",
zigzagged,1921,Ballads of Bung 'Stunology',LORD,,,"The boys at the
front they said
`Zig-Zagged', and
the greatest of wars
they won. Part
zigzag. Tipsy:
military:from 1916.
F and Gibbons; B and
P. From Fr. slang,
ex the zigzag course
taken by a tipsy
man.",
Zimbo,"Dec 31, 1995",Sunday Star Times,,A15,,"Zimbabwe has
everything to play
for...Every win..
take the Zimbos one
furtherrung up the
ladder of
respectability.",
Zip,"Jan 3, 2004",Listener (New Zealand Listener),,42,,"Often we ended with
a cup of coffee in
the little makeup
room where there was
a Zip water heater
over a
stainless-steel
sink, and a few
orphan mugs.",
Zip,"Jan 15, 2006",Sunday Star Times,,C11,,"That cup you
inadvertently left
on your desk is
still there but
alive with mould;
the leaky Zip still
drips into the sink,
above which the
computer-printed
notice still
futilely admonishes
everyone to do their
own dishes...",
Zip,"Jan 14, 1991",BLANK ENTRY,,69,,"He did not even stop
for a pot of tea
from the Zip in the
clubouse.",
Zip,Feb 1989,North & South,,47,,"The sun sparkles
through my glasses
and the noise - like
the whistle on a Zip
heater - is
incredibly loud.",
Zip,"Dec 2, 2000",Listener (New Zealand Listener),,60,,"Our first celebrity
hawker of household
products conjoined
national brands,
such as Zip water
heaters and Edmonds
baking products,
with the routines of
domesticity.",
Zip,"Aug 8, 1987",Listener (New Zealand Listener),,35,,"Even the Zip is
heated off the
boiler.",
Zip,1971,Catching Up,ARMFELT,43,,"Why so late with the
tea, Wayne?' `I
don't know, sir. The
Zip didn't boil.'",
Zip,1966,Cappicade,,16,,"[Advt] I was
suffering from an
advanced case of
Zippomania. I could
touch nothing unless
it carried the Zip
name-plate.",
Zip,"Jan 14, 1991",Listener (New Zealand Listener),,69,,"He did not even stop
for a pot of tea
from the Zip in the
clubhouse.",
Zip,1995,Gold in the Creek,McGill,39,,"The Zip was
shrieking. 'Why
don't you make the
tea, Ron,' Jack said
rudely.",
Zip,Nov 1989,Geological Society of NZ Newsletter,,86/21,,"Many of the
presentations
generated lively
question-times which
continued until long
after the zip had
boiled. In the
interests of parched
speakers and fresh
tea, the boiling zip
will be taken as the
full-time whistle in
future meetings.",
Zip,"Jun 30, 2001",Listener (New Zealand Listener),,46,,"You'll notice I've
left the Zip. The
Zip and the doors
I'll do a different
colour.",
Zip,"Apr 17, 2003",Dominion Post,,A6,,"He would boil water
in stock pots and
Zip heaters.",
Zip,1982,Sentinel at the Gates,VOLLER,189,,"It was central, a
reasonable size,
andwas fitted with a
sink and a Zip
waterheater.",
Zip,"Apr 19, 1993",Salient,,15,,"Most things are okay
- although,
asBronwyn points
out, none of the
Zipswork.",
zip,1968,"Pagan Game, The",SLATTER,230,,"Tank was renowned
for his mighty
deeds, for hitting
Donnelly's bull fair
on the wally-bar
with a shanghai
shot, ... for
putting razor blades
in his fly to stop
other kids zipping
him, for wringing
younkers' necks and
blowing up frogs.",
zip,"Apr 26, 1986",Listener (New Zealand Listener),,46,,"[Some omissions from
NZPOD] are farewell
as verb), judder
bar(s), morning
team, Zip (P)
(water-heater); some
widely used
children's words
would seem to
deserve a place
alongside neat ...:
hex (a spell), growl
(`Does your mother
growl?' ...",Forrest Scott
zip-zap,1997,Westpac Encore Leaflet,,PM7/1968/8,,"At retail outlets
that display the
Visa sign but do not
provide EFTPOS, your
Encore Cheque Card
can be 'zip zapped'
to access your
Encore Account.",Leaflet possibly originally printed in 1968
zip-zap,"Sep 20, 2000",Evening Post,,1,,"Last month, Kiwis
zip-zapped $1.07
billion of fresh
credit card bills,
depite average
interest rates on
outstanding debt
sitting just above
19 per cent.",
zip-zap,"Dec 9, 2000",Dominion,,14,,"The decline had not
been in line with
the lower processing
costs incurred by
the banks as a
result of moving
from the zip-zap
voucher system to an
electronic one.",
zip-zap,"Nov 22, 1999",Radio NZ / National Radio,David Russell on Kim Hill Show,00,,"They've taken a zip
zap of your plastic
card.",
zip-zap,"Nov 22, 2003",Listener (New Zealand Listener),,21,,"So clearly, overall
borrowing is
booming, but not
where you might
think, on the old
zip-zap.",
zip-zap machine,"Apr 8, 2002",NZ Infotech Weekly,,No. 532 : 2,,"Mr Clark says the
alternative is to
use a ""zip-zap
machine - but it
isn't online to you
don't get the money
straight away and
you don't have
on-line
authorisation"".",
zip-zap machine,"May 15, 2001",Dominion,,00,,"[Hdg] Accused left
eftpos gear -
landlady. The man
whom police say was
behind a series of
credit card scams,
left behind a fax
machine, eftpos
terminal, ""zip-zap""
machine and a
computer monitor...
She was surprised to
find the fax
machine, monitor,
credit card
""zip-zap"" machine
and eftpos terminal
in his room.",Check page
zip-zap machine,"Sep 24, 2000",TV3,,Target,,"Have the zip-zap
machines been phased
out now?",
zip-zapper,"Sep 20, 2000",Dominion,,1,,"[Hdg] Zip-zappers
lift card debt to
$2.56b.",
zipping,1953,Unorganized Games,SUTTON-SMITH,2/665,,"For example, when a
girl's dress blows
in the air, boys
will claim they have
seen a `poppy show'.
This is a widespread
term. Another
indirect sexual play
is the universal
practice of
`zipping' amongst
boys. In my
experience, this is
practiced [sic] more
by boys in the 12 to
15 year age group
than by primary
school boys. In this
play, boys attempt
to rip open each
others [sic]trouser
flys.",
zipping,1981,History of Children's Play,SUTTON-SMITH,96,,"Among boys,
especially
secondary-school
boys, `zipping' that
is, the ripping open
of another's pants,
was universal,
although New Zealand
boys did not make a
habit of collecting
the buttons as did
English boys.",
Zippo,2001,Stonedogs,MARRINER,12,,"Then, courageously,
he lights the Zippo
and hoists it -
lantern-like - and
begins a forage of
the debris near his
feet...",
"Zodiac, Signs of the","Dec 30, 1933","Press, The",,,,"Zodiac, Signs of
the. When the
Christchurch Club
was started by 12
squatters as a place
to live when in
town, there were
never more than two
of the 12 visible at
the same time, so
they were nicknamed
the Ss. of the Z.
(C.)",Acland Glossary
"Zodiac, Signs of the",1941,NZ Slang,BAKER,42,,"...the signs of the
Zodiac, concerning
which Acland notes:
`When the
Christchurch Club
was started by
twelve squatters as
a place at which to
live when in town
there were never
more than two of the
twelve visible at
the same time, so
they were given this
nickname'.",
zone,"Mar 24, 1953",Evening Post,,14,,"'If one school is
zoned, then all
others must be
also,' said Mr
Matthew.",
zoning,"Feb 18, 1995",Listener (New Zealand Listener),,12,,"But the previous
school zoning system
was flawed, in that
it seldom serviced
the local area.",
zoning,1977,Curious Conscience,DRYLAND,88,,"`I wanted to go to
Auckland Grammar,
but I can't because
of the zoning.'
`Zoning?' [89]
`Where you live.'
... `If you live in
this area you have
to go to Mount
Vincent,' ...",
zoning,"Feb 23, 2002",Listener (New Zealand Listener),,8,,"This was confirmed
statistically by
Professor Richard
Harker of Massey
University... [who]
discovered that the
removal of zoning
had sharply
increased ethnic
separation of New
Zealand schools -
higher decile
schools were
increasingly white
and Asian; lower
decile schools were
increasingly brown.",
Zoo Doo,"Apr 11, 2001",Capital Times,,3,,"It's attractively
packaged and sweet
smelling, but it's
still shit. Zoo Doo,
the manure company,
has launched a new
product called
Endangered Faeces.
Shaped like little
elephants, rhinos,
hippos and giraffes,
the Endangered
Faeces are little
animal figures made
out of their own
species' doo.",
Zoo Doo,"Sep 29, 2002",Sunday Star Times,,A6,,"[Hdg] Where there's
muck, there's Zoo
Doo. When it comes
to animal poo, Peter
Jan is ""number one
for numbers twos"".
The founder of Zoo
Doo, he has come up
with a new line his
firm produces from
manure at Auckland,
Wellington and
Christchurch zoos.",
zoo nose,"Oct 27, 1973",Evening Post,,1,,"Concern over the
tendency for
increasing numbers
of `zoo noses' to be
reported ...
presented by the
Department of
Health. ... `Zoo
noses' were defined
in the paper as
`those diseases
spread to humans
from animals'. Among
the diseases
included were
anthrax, leptospiral
infections, rabies,
salmonella
infections, undulant
fever, hydatids, and
trichinosis.",
zoom,1989,"Dinkum Kiwi Dictionary, The",McGILL,118,,"zoom university
drinking game based
on the Hokonui
swindle (qv), which
can involve Italian
words and eye
contacts. Roger Hall
reports that at
Otago University
this `game of skill'
involves the
participants sitting
in a circle going
whizz/zoom/bounce,
and drinking each
time they make a
mistake.",
zoombag,"Jun 16, 2001",Listener (New Zealand Listener),,30,,"No booze, but
constant juice and
water, brought by
blonde flight crew
attendants decked
out in zoombags -
green overalls with
all manner and
strange angle of
zips.",
zorb,Sep 1999,AA Directions,,33,,"New
adrenaline-pumping
experiences include
hurling one's body
off a bungy tower,
rafting a waterfall,
hang-gliding or
rolling downhill in
a huge plastic ball
called a Zorb.",
zorb,Sep 2000,North & South,,138,,"Zorb is an invented
word for a wacky
tribute to New
Zealand ingenuity.
Essentially, it's a
giant double-skinned
plastic ball in
which thrill-seeking
punters at <i>Zorb
Rotorua</i> are
secured by harnesses
and sent rolling
over and over 170
metres downhill.
Then there's the wet
Zorb experience -
akin to tossing
yourself into a
frontloader washing
machine on gentle
cycle. A bucket of
water is sloshed in,
the entrance is
plugged and, as the
Zorb rolls, the
challenge is to stay
standing by running,
damply, on the spot.",
zorb,"Jan 16, 2000",Sunday Star Times,,C11,,"Adrenalin-pumping
experiences include
a bungy tower,
rafting a waterfall,
hang-gliding or
rolling downhill in
a huge plastic ball
called a Zorb.",
zorb,"Jul 1, 2002",Evening Post,,16,,"The many activities
here include a farm
show, jet boat and
helicopter rides,
the Zorb - a large
clear ball you sit
inside and roll down
a hill - and the
Swoop - a harness
that allows you to
soar through the
air.",
zorb,"May 11, 1997",Sunday Times (UK),,6.5,,"Kiwis have this
thing about vertical
rubber experiences.
They can't wait to
leap from bridges
with an elastic band
on their feet, fling
themselves from
aircraft with pros
strapped to their
back like copulating
dragonflies, jump
into underground
rivers with rubber
rings around their
middles, ""rap jump""
- abseil down the
outer walls of
hgih-rise buildings
- and ""zorb"", roll
down hills inside
transparent rubber
spheres... Even tiny
Takaka not only has
bungee jumping but
serious ""swinging"",
the latest in fear
fads involving a 60
mph, 50 yd flight
over an abyss.",
zorb ride,"Jul 1, 2002",Evening Post,,16,,"From the
long-established
luge running down
tracks on the slopes
of Mt Ngongotaha to
the terrifying bungy
skyride at the same
site or the jet boat
or Zorb rides run by
the Agrodome,
thrills and spills
are everywhere.",
zorbing,"Oct 3, 1998",Dominion,,14,,"[Hdg] Zorbing not
for the
pink-knuckled... New
Zealand has
contributed the
terms zorbing and
black-water rafting.
Zorbing is an
entertainment where
those taking part
are suspended inside
giant plastic balls
and rolled down
steep slopes.
Black-water rafting
is the pastime of
floating along
pitch-black
underground streams
in inflated inner
tubes.",
zorbing,"Jun 27, 1997",Times (London),,29,,"The latest dangerous
sport the insurance
industry has been
asked to provide
cover for is
zorbing. Popular in
New Zealand for some
reason, this
involves being
strapped into a
transparent rubber
ball, and rolled
downhill. For fun.",
Zosterops,1888,Birds of New Zealand,BULLER,1/14,,".. to say nothing of
Korimako and
Pitoitoi ..., we
never saw or heard
the notes of either
the Piopio, the
Tieke, or the Hihi,
all of which birds
were at one time
more numerous even
than the Huia. The
<i> Zosterops </i>
was everywhere
abundant, also the
Grey Warbler and
Rifleman, and ... we
found the Tomtit
comparatively
plentiful; the
Parakeet chased its
mate through the
tree-tops with sharp
cries of
`twenty-eight'; ...
and among the tangle
of the underwood the
ever-present
Flycatcher displayed
its pretty fan-like
tail.",
Zosterops,1898,Austral English,MORRIS,525,,"<i> Zosterops </i>
... the scientific
name of a genus of
Australian birds,
often called also
popularly by that
name, and by the
names of <i>
Wax-eye, White-eye,
Silver-eye ...
Ring-eye,
Blight-bird </i> ...
From the Greek, . .
. a girdle,
`anything that goes
round like a
girdle'; the birds
of the genus have a
white circle round
their eyes. The bird
was not generally
known in New Zealand
until after <i>
Black Thursday </i>
(q.v.), in 1851,
when it flew to the
Chatham Islands.
Some observers,
however, noted small
numbers of one
species in Milford
Sound in 1832. New
Zealand birds are
rarely gregarious,
but the <i>
Zosterops </i> made
a great migration,
in large flocks,
from the South
Island to the North
Island in 1856, and
the Maori name for
the bird is `The
Stranger' <i>
Tau-hou </i>).
Nevertheless, Buller
thinks that the
species (<i> Z.
caerulescens </i> is
indigenous in New
Zealand. (See under
<i> Silver-eye </i>,
quotation 1888.)",
Zulu,1940,Te Waimate,STUDHOLME,78,,"... a head ploughman
(ganger) to look
after the `Zulus' as
old Jim, the
stockman, called the
Fenians who worked
the horses in the
station teams.",
Zulu pudding,1932,St Andrew's Cookery Book,,115,,"ZULU PUDDING ...
flour ...
breadcrumbs ...
butter ... sugar ...
sultanas ... treacle
... baking powder
... eggs ... milk
... steam ...",
